radar_score,depth,hot_score,bucket,source,cluster,title,slug,link
13.1,1,8.2,small-business-tech,vercel_status,elevated errors on api amp dashboard,"Elevated Errors on API &amp; Dashboard, Delayed Builds",elevated-errors-on-api-amp-dashboard-delayed-builds,https://www.vercel-status.com/incidents/l2dzfxmss51w
13.1,1,8.2,small-business-tech,vercel_status,elevated error rates across new deployments,Elevated error rates across new deployments and Vercel API,elevated-error-rates-across-new-deployments-and-vercel-api,https://www.vercel-status.com/incidents/db1pqrk5q4kn
11.3,1,7.0,general,reddit_sysadmin,growpoint migration api,Growpoint Migration API,growpoint-migration-api,https://www.reddit.com/r/sysadmin/comments/1rkyswt/growpoint_migration_api/
9.5,1,5.8,payments,reddit_stripe,how to handle quot unauthorized charge,How to handle &quot;unauthorized charge&quot; dispute,how-to-handle-quot-unauthorized-charge-quot-dispute,https://www.reddit.com/r/stripe/comments/1rhatid/how_to_handle_unauthorized_charge_dispute/
8.0,1,4.8,payments,reddit_smallbiz,our invoices have per month late,Our invoices have 1.5% per month late fees but nobody pays them how do you fix this,our-invoices-have-1-5-per-month-late-fees-but-nobody-pays-them-how-do-you-fix-this,https://www.reddit.com/r/smallbusiness/comments/1rkfmam/our_invoices_have_15_per_month_late_fees_but/
7.6,2,4.0,payments,reddit_stripe,usd payout to vietnam bank name,USD payout to Vietnam bank – name abbreviation issue,usd-payout-to-vietnam-bank-name-abbreviation-issue,https://www.reddit.com/r/stripe/comments/1rjlmsz/usd_payout_to_vietnam_bank_name_abbreviation_issue/
7.6,2,4.0,payments,reddit_stripe,usd payout to vietnam bank name,USD payout to Vietnam bank – name abbreviation issue,usd-payout-to-vietnam-bank-name-abbreviation-issue,https://www.reddit.com/r/stripe/comments/1rjlmja/usd_payout_to_vietnam_bank_name_abbreviation_issue/
7.1,1,4.2,payments,reddit_webdev,vibe code irl left api keys,Vibe code IRL: left Stripe API keys public,vibe-code-irl-left-stripe-api-keys-public,https://www.reddit.com/r/webdev/comments/1rl0yp0/vibe_code_irl_left_stripe_api_keys_public/
7.1,1,4.2,payments,reddit_stripe,upgrading api version,Upgrading API Version,upgrading-api-version,https://www.reddit.com/r/stripe/comments/1rjxu7u/upgrading_api_version/
6.8,1,4.0,ai-automation,vercel_status,elevated error rate on ai gateway,Elevated Error Rate on AI Gateway in cle1 and fra1,elevated-error-rate-on-ai-gateway-in-cle1-and-fra1,https://www.vercel-status.com/incidents/x2bwhlhg1xbj
6.8,1,4.0,small-business-tech,vercel_status,problems loading dashboard amp elevated builds,Problems Loading Dashboard &amp; Elevated Builds Error Rate,problems-loading-dashboard-amp-elevated-builds-error-rate,https://www.vercel-status.com/incidents/3ry5v1645f12
6.8,1,4.0,small-business-tech,vercel_status,elevated error rates on sandboxes,Elevated Error Rates on Sandboxes,elevated-error-rates-on-sandboxes,https://www.vercel-status.com/incidents/dgdbzr1rh74s
6.8,1,4.0,small-business-tech,vercel_status,elevated error rates in sin singapore,Elevated error rates in sin1 (Singapore) Edge Region,elevated-error-rates-in-sin1-singapore-edge-region,https://www.vercel-status.com/incidents/qsbzhgn491ng
6.8,1,4.0,small-business-tech,vercel_status,errors creating support center cases,Errors creating Support Center cases,errors-creating-support-center-cases,https://www.vercel-status.com/incidents/yrsff7d94p2j
6.8,1,4.0,small-business-tech,vercel_status,elevated errors creating deployments with neon,Elevated errors creating deployments with Neon and Supabase integrations,elevated-errors-creating-deployments-with-neon-and-supabase-integrations,https://www.vercel-status.com/incidents/sgbxyh308td3
6.8,1,4.0,small-business-tech,vercel_status,elevated errors loading logs and speed,Elevated errors loading Vercel Logs and Speed Insights,elevated-errors-loading-vercel-logs-and-speed-insights,https://www.vercel-status.com/incidents/ktwzf9mqvw41
6.8,1,4.0,small-business-tech,vercel_status,speed insights elevated errors,Speed Insights elevated errors,speed-insights-elevated-errors,https://www.vercel-status.com/incidents/dq4zyz3zydsq
6.8,1,4.0,general,so_hot,zookeeper c library include errors,Zookeeper C Library Include Errors,zookeeper-c-library-include-errors,https://stackoverflow.com/questions/79901228/zookeeper-c-library-include-errors
6.8,1,4.0,general,so_hot,gyp err stack error could not,"gyp ERR! stack Error: Could not find any Visual Studio installation to use, But I&#x27;m using VSCode",gyp-err-stack-error-could-not-find-any-visual-studio-installation-to-use-but-i-x27-m-using,https://stackoverflow.com/questions/74274242/gyp-err-stack-error-could-not-find-any-visual-studio-installation-to-use-but
6.8,1,4.0,general,so_hot,show a popup warning before session,Show A Popup Warning Before Session Timeout,show-a-popup-warning-before-session-timeout,https://stackoverflow.com/questions/33755447/show-a-popup-warning-before-session-timeout
6.8,1,4.0,general,so_hot,official reasons for quot software caused,Official reasons for &quot;Software caused connection abort: socket write error&quot;,official-reasons-for-quot-software-caused-connection-abort-socket-write-error-quot,https://stackoverflow.com/questions/2126607/official-reasons-for-software-caused-connection-abort-socket-write-error
6.5,1,3.8,payments,reddit_stripe,dispute won funds not released after,dispute won..funds NOT released after 6 Months.,dispute-won-funds-not-released-after-6-months,https://www.reddit.com/r/stripe/comments/1rkywxv/dispute_wonfunds_not_released_after_6_months/
3.8,1,2.0,general,so_hot,how to check sql server windows,How to check SQL Server 2017 Windows Authentication status without SSMS,how-to-check-sql-server-2017-windows-authentication-status-without-ssms,https://stackoverflow.com/questions/79901239/how-to-check-sql-server-2017-windows-authentication-status-without-ssms
3.8,1,2.0,general,so_hot,how to compare d directions as,How to compare 3d directions as equidistant on both diagonal and horizontal/vertical,how-to-compare-3d-directions-as-equidistant-on-both-diagonal-and-horizontal-vertical,https://stackoverflow.com/questions/79901237/how-to-compare-3d-directions-as-equidistant-on-both-diagonal-and-horizontal-vert
3.8,1,2.0,general,so_hot,how to handle token expiry,How to handle token expiry,how-to-handle-token-expiry,https://stackoverflow.com/questions/79901231/how-to-handle-token-expiry
3.8,1,2.0,general,so_hot,why is there a low limit,Why is there a low limit to size of array which one can write to address received from outside of the function?,why-is-there-a-low-limit-to-size-of-array-which-one-can-write-to-address-received-from-out,https://stackoverflow.com/questions/79894720/why-is-there-a-low-limit-to-size-of-array-which-one-can-write-to-address-receive
3.8,1,2.0,general,so_hot,how to perform docker image release,How to perform docker image release with maven,how-to-perform-docker-image-release-with-maven,https://stackoverflow.com/questions/74653387/how-to-perform-docker-image-release-with-maven
3.8,1,2.0,general,so_hot,how to install android sdk to,How to install Android SDK to all users silently on windows?,how-to-install-android-sdk-to-all-users-silently-on-windows,https://stackoverflow.com/questions/46038621/how-to-install-android-sdk-to-all-users-silently-on-windows
3.8,1,2.0,general,so_hot,how to convert a git shallow,How to convert a Git shallow clone to a full clone?,how-to-convert-a-git-shallow-clone-to-a-full-clone,https://stackoverflow.com/questions/6802145/how-to-convert-a-git-shallow-clone-to-a-full-clone
3.8,1,2.0,ai-automation,reddit_smallbiz,my cousin s hair salon is,My cousin's hair salon is getting absolutely wrecked by Google reviews and I don't know how to help her,my-cousin-s-hair-salon-is-getting-absolutely-wrecked-by-google-reviews-and-i-don-t-know-ho,https://www.reddit.com/r/smallbusiness/comments/1rkyt97/my_cousins_hair_salon_is_getting_absolutely/
3.8,1,2.0,general,reddit_smallbiz,why do leads for jobs come,Why do leads for jobs come through in bursts,why-do-leads-for-jobs-come-through-in-bursts,https://www.reddit.com/r/smallbusiness/comments/1rkw171/why_do_leads_for_jobs_come_through_in_bursts/
3.8,1,2.0,general,reddit_sysadmin,why do all security reviews feel,Why do all security reviews feel the same,why-do-all-security-reviews-feel-the-same,https://www.reddit.com/r/sysadmin/comments/1rkwxpt/why_do_all_security_reviews_feel_the_same/
3.8,1,2.0,general,reddit_sysadmin,open source solution for location mapping,Open-source solution for location mapping,open-source-solution-for-location-mapping,https://www.reddit.com/r/sysadmin/comments/1rkvvde/opensource_solution_for_location_mapping/
3.8,1,2.0,general,reddit_sysadmin,reimaging thinkpads transforming multiple uefi bootable,"Reimaging Thinkpads: transforming multiple (UEFI) bootable USB keys into multiple bootable .ISOs, or other boot-menu solution for multiple UEFI images",reimaging-thinkpads-transforming-multiple-uefi-bootable-usb-keys-into-multiple-bootable-is,https://www.reddit.com/r/sysadmin/comments/1rkrng9/reimaging_thinkpads_transforming_multiple_uefi/
3.8,1,2.0,general,reddit_sysadmin,laptop locking solution in flex office,Laptop locking solution in flex office environment - any idea ?,laptop-locking-solution-in-flex-office-environment-any-idea,https://www.reddit.com/r/sysadmin/comments/1rki6ka/laptop_locking_solution_in_flex_office/
3.8,1,2.0,ai-automation,reddit_webdev,why you should probably stop using,Why you should probably stop using AI code editors,why-you-should-probably-stop-using-ai-code-editors,https://www.reddit.com/r/webdev/comments/1rjyw2d/why_you_should_probably_stop_using_ai_code_editors/
3.8,1,2.0,general,reddit_webdev,how to make self signed locally,How to make self signed locally hosted site secure?,how-to-make-self-signed-locally-hosted-site-secure,https://www.reddit.com/r/webdev/comments/1rkzi2f/how_to_make_self_signed_locally_hosted_site_secure/
3.8,1,2.0,ai-automation,reddit_webdev,how to keep services running during,How to Keep Services Running During Failures?,how-to-keep-services-running-during-failures,https://www.reddit.com/r/webdev/comments/1rkeyd3/how_to_keep_services_running_during_failures/
3.8,1,2.0,general,reddit_webdev,how to setup wsl with docker,How to setup WSL2 with docker and intellij?,how-to-setup-wsl2-with-docker-and-intellij,https://www.reddit.com/r/webdev/comments/1rkjjr3/how_to_setup_wsl2_with_docker_and_intellij/
3.8,1,2.0,payments,reddit_stripe,most saas founders think failed payments,"Most SaaS founders think failed payments are a Stripe problem. After recovering 63,000+ last quarter, here's why that's costing you.",most-saas-founders-think-failed-payments-are-a-stripe-problem-after-recovering-63-000-last,https://www.reddit.com/r/stripe/comments/1rkwbzl/most_saas_founders_think_failed_payments_are_a/
1.6,2,0.0,general,reddit_webdev,monthly getting started web dev career,Monthly Getting Started / Web Dev Career Thread,monthly-getting-started-web-dev-career-thread,https://www.reddit.com/r/webdev/comments/1qswnox/monthly_getting_started_web_dev_career_thread/
1.6,2,0.0,general,reddit_webdev,monthly getting started web dev career,Monthly Getting Started / Web Dev Career Thread,monthly-getting-started-web-dev-career-thread,https://www.reddit.com/r/webdev/comments/1rhvl5m/monthly_getting_started_web_dev_career_thread/
0.8,1,0.0,small-business-tech,vercel_status,delays loading observability usage analytics and,"Delays Loading Observability, Usage, Analytics, and Speed Insights Data",delays-loading-observability-usage-analytics-and-speed-insights-data,https://www.vercel-status.com/incidents/80qvc1mrnr8f
0.8,1,0.0,ai-automation,vercel_status,dubai region dxb is unavailable and,Dubai region (dxb1) is unavailable and traffic is being re-routed,dubai-region-dxb1-is-unavailable-and-traffic-is-being-re-routed,https://www.vercel-status.com/incidents/20v5r3njkcwc
0.8,1,0.0,ai-automation,vercel_status,elevated deployment and function invocations failures,Elevated deployment and function invocations failures,elevated-deployment-and-function-invocations-failures,https://www.vercel-status.com/incidents/nt2llc4k0p41
0.8,1,0.0,ai-automation,vercel_status,degraded logs and traces in dubai,Degraded Logs and Traces in Dubai region (dxb1),degraded-logs-and-traces-in-dubai-region-dxb1,https://www.vercel-status.com/incidents/0gvst51d9c21
0.8,1,0.0,ai-automation,vercel_status,deployments are failing for customers using,Deployments are failing for customers using Static IPs in Dubai region (dxb1),deployments-are-failing-for-customers-using-static-ips-in-dubai-region-dxb1,https://www.vercel-status.com/incidents/rw896k7wm3nf
0.8,1,0.0,small-business-tech,vercel_status,delays loading observability analytics and speed,"Delays Loading Observability, Analytics and Speed Insights Data",delays-loading-observability-analytics-and-speed-insights-data,https://www.vercel-status.com/incidents/dcfq5yq47v0r
0.8,1,0.0,small-business-tech,vercel_status,delayed firewall observability data,Delayed Firewall Observability Data,delayed-firewall-observability-data,https://www.vercel-status.com/incidents/z7qsk02wx9m1
0.8,1,0.0,small-business-tech,vercel_status,delays loading firewall billing and observability,"Delays Loading Firewall, Billing, and Observability Data",delays-loading-firewall-billing-and-observability-data,https://www.vercel-status.com/incidents/q88l5787p3qw
0.8,1,0.0,small-business-tech,vercel_status,elevated latency creating new deployments,Elevated latency creating new deployments,elevated-latency-creating-new-deployments,https://www.vercel-status.com/incidents/cdr3g3fpw8qt
0.8,1,0.0,small-business-tech,vercel_status,elevated git clone duration at build,Elevated git clone duration at build time,elevated-git-clone-duration-at-build-time,https://www.vercel-status.com/incidents/ycfd8q0x22zy
0.8,1,0.0,small-business-tech,vercel_status,elevated connection latency in dub dublin,"Elevated Connection Latency in dub1 (Dublin, Ireland) Edge Region",elevated-connection-latency-in-dub1-dublin-ireland-edge-region,https://www.vercel-status.com/incidents/xdv869lr3x7n
0.8,1,0.0,small-business-tech,vercel_status,delayed dashboard data across multiple services,Delayed Dashboard Data Across Multiple Services,delayed-dashboard-data-across-multiple-services,https://www.vercel-status.com/incidents/262wldl871w4
0.8,1,0.0,ai-automation,vercel_status,some domain purchases are failing,Some domain purchases are failing,some-domain-purchases-are-failing,https://www.vercel-status.com/incidents/7kjxsr1slq31
0.8,1,0.0,ai-automation,vercel_status,elevated build failure rates,Elevated build failure rates,elevated-build-failure-rates,https://www.vercel-status.com/incidents/x6v2pmf14f75
0.8,1,0.0,small-business-tech,vercel_status,web analytics and speed insights data,Web Analytics and Speed insights data not recorded on some projects,web-analytics-and-speed-insights-data-not-recorded-on-some-projects,https://www.vercel-status.com/incidents/rx73drs78r1k
0.8,1,0.0,general,so_hot,does podman compose support build time,"Does podman-compose support build-time volumes? If so, what is the syntax?",does-podman-compose-support-build-time-volumes-if-so-what-is-the-syntax,https://stackoverflow.com/questions/79901236/does-podman-compose-support-build-time-volumes-if-so-what-is-the-syntax
0.8,1,0.0,general,so_hot,rpn generator generate all strings,RPN Generator - Generate All Strings,rpn-generator-generate-all-strings,https://stackoverflow.com/questions/79901235/rpn-generator-generate-all-strings
0.8,1,0.0,general,so_hot,automatic data sending,Automatic Data Sending,automatic-data-sending,https://stackoverflow.com/questions/79901234/automatic-data-sending
0.8,1,0.0,general,so_hot,copying a list using and trying,Copying a list using [:}. and trying to make everything in the new list lower case using lower() [duplicate],copying-a-list-using-and-trying-to-make-everything-in-the-new-list-lower-case-using-lower-,https://stackoverflow.com/questions/79901226/copying-a-list-using-and-trying-to-make-everything-in-the-new-list-lower-ca
0.8,1,0.0,general,so_hot,change button text property to a,Change Button.Text property to a custom value in C#,change-button-text-property-to-a-custom-value-in-c,https://stackoverflow.com/questions/79901225/change-button-text-property-to-a-custom-value-in-c-sharp
0.8,1,0.0,general,so_hot,gdb examine command shows different value,GDB examine command shows different value than value loaded from the same address,gdb-examine-command-shows-different-value-than-value-loaded-from-the-same-address,https://stackoverflow.com/questions/79901224/gdb-examine-command-shows-different-value-than-value-loaded-from-the-same-addres
0.8,1,0.0,general,so_hot,in dependency property pattern in wpf,"In dependency property pattern in WPF, automatically cast the result of GetValue() to expected return type",in-dependency-property-pattern-in-wpf-automatically-cast-the-result-of-getvalue-to-expecte,https://stackoverflow.com/questions/79901222/in-dependency-property-pattern-in-wpf-automatically-cast-the-result-of-getvalue
0.8,1,0.0,ai-automation,so_hot,automatically fail all tests that write,Automatically fail all tests that write to stdout or stderr,automatically-fail-all-tests-that-write-to-stdout-or-stderr,https://stackoverflow.com/questions/79901198/automatically-fail-all-tests-that-write-to-stdout-or-stderr
0.8,1,0.0,general,so_hot,how can i safely implement a,How can I safely implement a progress bar in a concurrent Go port scanner?,how-can-i-safely-implement-a-progress-bar-in-a-concurrent-go-port-scanner,https://stackoverflow.com/questions/79901187/how-can-i-safely-implement-a-progress-bar-in-a-concurrent-go-port-scanner
0.8,1,0.0,general,so_hot,in javascript is it bad practice,In JavaScript is it bad practice to use ` ` every single time instead of &quot;&quot; or &#x27;&#x27;?,in-javascript-is-it-bad-practice-to-use-every-single-time-instead-of-quot-quot-or-x27-x27,https://stackoverflow.com/questions/79901091/in-javascript-is-it-bad-practice-to-use-every-single-time-instead-of-or
0.8,1,0.0,general,so_hot,undefined symbol std libcpp deallocate abi,Undefined symbol: std::__1::__libcpp_deallocate[abi:ne180100] in React Native iOS build (Xcode 16) [closed],undefined-symbol-std-1-libcpp-deallocate-abi-ne180100-in-react-native-ios-build-xcode-16-c,https://stackoverflow.com/questions/79900485/undefined-symbol-std-1-libcpp-deallocateabine180100-in-react-native-io
0.8,1,0.0,general,so_hot,integrating windows explorer as a control,Integrating Windows Explorer as a control in Windows 11,integrating-windows-explorer-as-a-control-in-windows-11,https://stackoverflow.com/questions/79900361/integrating-windows-explorer-as-a-control-in-windows-11
0.8,1,0.0,general,so_hot,floor of natural logarithm,Floor of Natural Logarithm,floor-of-natural-logarithm,https://stackoverflow.com/questions/79899633/floor-of-natural-logarithm
0.8,1,0.0,general,so_hot,can i use a list comprehension,Can I use a list comprehension to write multiples of 3 within a range using addition?,can-i-use-a-list-comprehension-to-write-multiples-of-3-within-a-range-using-addition,https://stackoverflow.com/questions/79898090/can-i-use-a-list-comprehension-to-write-multiples-of-3-within-a-range-using-addi
0.8,1,0.0,general,so_hot,buffer as input and output for,Buffer as input and output for fluent-ffmpeg,buffer-as-input-and-output-for-fluent-ffmpeg,https://stackoverflow.com/questions/73562143/buffer-as-input-and-output-for-fluent-ffmpeg
0.8,1,0.0,ai-automation,so_hot,using sqlserver contains for partial words,Using SQLServer contains for partial words,using-sqlserver-contains-for-partial-words,https://stackoverflow.com/questions/37677204/using-sqlserver-contains-for-partial-words
0.8,1,0.0,general,so_hot,what does an executable look like,What does an executable look like?,what-does-an-executable-look-like,https://stackoverflow.com/questions/24811117/what-does-an-executable-look-like
0.8,1,0.0,general,so_hot,mathematical annotations in a pdf file,Mathematical annotations in a PDF file,mathematical-annotations-in-a-pdf-file,https://stackoverflow.com/questions/2996123/mathematical-annotations-in-a-pdf-file
0.8,1,0.0,general,so_hot,what columns generally make good indexes,What columns generally make good indexes?,what-columns-generally-make-good-indexes,https://stackoverflow.com/questions/107132/what-columns-generally-make-good-indexes
0.8,1,0.0,general,reddit_smallbiz,promote your business week of march,"Promote your business, week of March 2, 2026",promote-your-business-week-of-march-2-2026,https://www.reddit.com/r/smallbusiness/comments/1ril9cg/promote_your_business_week_of_march_2_2026/
0.8,1,0.0,ai-automation,reddit_smallbiz,in this post share your small,"In this post, share your small business experience, successes, failures, AMAS, and lessons learned, 2026",in-this-post-share-your-small-business-experience-successes-failures-amas-and-lessons-lear,https://www.reddit.com/r/smallbusiness/comments/1r5ziuc/in_this_post_share_your_small_business_experience/
0.8,1,0.0,ai-automation,reddit_smallbiz,i paid off my sba loan,I paid off my SBA loan!,i-paid-off-my-sba-loan,https://www.reddit.com/r/smallbusiness/comments/1rkkx44/i_paid_off_my_sba_loan/
0.8,1,0.0,general,reddit_smallbiz,self employed s corp health insurance,Self Employed S Corp Health Insurance Options,self-employed-s-corp-health-insurance-options,https://www.reddit.com/r/smallbusiness/comments/1rkuqh8/self_employed_s_corp_health_insurance_options/
0.8,1,0.0,general,reddit_smallbiz,liquor store owners how are you,liquor store owners- how are you dooing.,liquor-store-owners-how-are-you-dooing,https://www.reddit.com/r/smallbusiness/comments/1rkate5/liquor_store_owners_how_are_you_dooing/
0.8,1,0.0,general,reddit_smallbiz,quit my job to start my,Quit my job to start my own agency and now I am jobless and in debt,quit-my-job-to-start-my-own-agency-and-now-i-am-jobless-and-in-debt,https://www.reddit.com/r/smallbusiness/comments/1rkc0fw/quit_my_job_to_start_my_own_agency_and_now_i_am/
0.8,1,0.0,general,reddit_smallbiz,young inexperienced and accidentally running a,"Young, inexperienced, and accidentally running a $40k side business",young-inexperienced-and-accidentally-running-a-40k-side-business,https://www.reddit.com/r/smallbusiness/comments/1rl27ok/young_inexperienced_and_accidentally_running_a/
0.8,1,0.0,general,reddit_smallbiz,the weight of every business choice,The weight of every business choice hitting differently when you're flying solo,the-weight-of-every-business-choice-hitting-differently-when-you-re-flying-solo,https://www.reddit.com/r/smallbusiness/comments/1rl21c8/the_weight_of_every_business_choice_hitting/
0.8,1,0.0,general,reddit_smallbiz,need someone to remove our business,Need someone to remove our business from Google,need-someone-to-remove-our-business-from-google,https://www.reddit.com/r/smallbusiness/comments/1rkldk9/need_someone_to_remove_our_business_from_google/
0.8,1,0.0,general,reddit_smallbiz,best shirts for guys working exterior,Best shirts for guys working exterior in South Florida?,best-shirts-for-guys-working-exterior-in-south-florida,https://www.reddit.com/r/smallbusiness/comments/1rkwl8z/best_shirts_for_guys_working_exterior_in_south/
0.8,1,0.0,general,reddit_smallbiz,taxjar alternatives they keep overcharging us,Taxjar Alternatives - They keep overcharging us.,taxjar-alternatives-they-keep-overcharging-us,https://www.reddit.com/r/smallbusiness/comments/1rl02f1/taxjar_alternatives_they_keep_overcharging_us/
0.8,1,0.0,payments,reddit_smallbiz,how do you evaluate your gift,How do you evaluate your gift card program?,how-do-you-evaluate-your-gift-card-program,https://www.reddit.com/r/smallbusiness/comments/1rkzx75/how_do_you_evaluate_your_gift_card_program/
0.8,1,0.0,payments,reddit_smallbiz,credit card business banking accounts,Credit card / business banking accounts?,credit-card-business-banking-accounts,https://www.reddit.com/r/smallbusiness/comments/1rkxz3p/credit_card_business_banking_accounts/
0.8,1,0.0,general,reddit_smallbiz,do virtual phone numbers scale with,Do virtual phone numbers scale with a growing team?,do-virtual-phone-numbers-scale-with-a-growing-team,https://www.reddit.com/r/smallbusiness/comments/1rkl6ce/do_virtual_phone_numbers_scale_with_a_growing_team/
0.8,1,0.0,general,reddit_smallbiz,any tricks for workers comp savings,Any tricks for workers comp savings?,any-tricks-for-workers-comp-savings,https://www.reddit.com/r/smallbusiness/comments/1rl215c/any_tricks_for_workers_comp_savings/
0.8,1,0.0,general,reddit_smallbiz,looking for a first small business,"Looking for a first small business idea that would have an extra slow safe start up time period, any opinions?",looking-for-a-first-small-business-idea-that-would-have-an-extra-slow-safe-start-up-time-p,https://www.reddit.com/r/smallbusiness/comments/1rl1glc/looking_for_a_first_small_business_idea_that/
0.8,1,0.0,general,reddit_smallbiz,looking for a mentor,looking for a mentor,looking-for-a-mentor,https://www.reddit.com/r/smallbusiness/comments/1rl1c1y/looking_for_a_mentor/
0.8,1,0.0,general,reddit_smallbiz,just launched my streetwear line,Just launched my streetwear line,just-launched-my-streetwear-line,https://www.reddit.com/r/smallbusiness/comments/1rl17n0/just_launched_my_streetwear_line/
0.8,1,0.0,general,reddit_smallbiz,accounting software suggestions,Accounting software suggestions,accounting-software-suggestions,https://www.reddit.com/r/smallbusiness/comments/1rl14x8/accounting_software_suggestions/
0.8,1,0.0,operator-tools,reddit_smallbiz,how are you handling scheduling as,How are you handling scheduling as you grow?,how-are-you-handling-scheduling-as-you-grow,https://www.reddit.com/r/smallbusiness/comments/1rkutcm/how_are_you_handling_scheduling_as_you_grow/
0.8,1,0.0,general,reddit_smallbiz,do you still enjoy running your,Do you still enjoy running your business like you did at the start?,do-you-still-enjoy-running-your-business-like-you-did-at-the-start,https://www.reddit.com/r/smallbusiness/comments/1rke9mu/do_you_still_enjoy_running_your_business_like_you/
0.8,1,0.0,general,reddit_smallbiz,trading inside the s corp,trading inside the S‑corp,trading-inside-the-s-corp,https://www.reddit.com/r/smallbusiness/comments/1rl0e1r/trading_inside_the_scorp/
0.8,1,0.0,general,reddit_sysadmin,weekly i made a useful thing,"Weekly 'I made a useful thing' Thread - February 27, 2026",weekly-i-made-a-useful-thing-thread-february-27-2026,https://www.reddit.com/r/sysadmin/comments/1rg2o3y/weekly_i_made_a_useful_thing_thread_february_27/
0.8,1,0.0,general,reddit_sysadmin,patch tuesday megathread,Patch Tuesday Megathread (2026-02-10),patch-tuesday-megathread-2026-02-10,https://www.reddit.com/r/sysadmin/comments/1r1hz0s/patch_tuesday_megathread_20260210/
0.8,1,0.0,ai-automation,reddit_sysadmin,read ai is a cancer on,"Read.ai is a cancer on society, a privacy and sysadmin's nightmare, and should be banished to the dustbins of history",read-ai-is-a-cancer-on-society-a-privacy-and-sysadmin-s-nightmare-and-should-be-banished-t,https://www.reddit.com/r/sysadmin/comments/1rkx873/readai_is_a_cancer_on_society_a_privacy_and/
0.8,1,0.0,ai-automation,reddit_sysadmin,quot i would recommend that you,&quot;I would recommend that you refrain from using InDesign for handling confidential information.&quot;,quot-i-would-recommend-that-you-refrain-from-using-indesign-for-handling-confidential-info,https://www.reddit.com/r/sysadmin/comments/1rkikv9/i_would_recommend_that_you_refrain_from_using/
0.8,1,0.0,ai-automation,reddit_sysadmin,what s the most legacy workflow,What's the most legacy workflow you've seen still work?,what-s-the-most-legacy-workflow-you-ve-seen-still-work,https://www.reddit.com/r/sysadmin/comments/1rkw4cd/whats_the_most_legacy_workflow_youve_seen_still/
0.8,1,0.0,general,reddit_sysadmin,newbie question on certs,Newbie question on certs,newbie-question-on-certs,https://www.reddit.com/r/sysadmin/comments/1rkr5yc/newbie_question_on_certs/
0.8,1,0.0,general,reddit_sysadmin,windows feature updates bricking dell laptops,Windows Feature updates bricking dell laptops,windows-feature-updates-bricking-dell-laptops,https://www.reddit.com/r/sysadmin/comments/1rkzajl/windows_feature_updates_bricking_dell_laptops/
0.8,1,0.0,general,reddit_sysadmin,aws uae data centers physically struck,AWS UAE data centers physically struck by drones. Anyone else rethinking their DR?,aws-uae-data-centers-physically-struck-by-drones-anyone-else-rethinking-their-dr,https://www.reddit.com/r/sysadmin/comments/1rk6ghe/aws_uae_data_centers_physically_struck_by_drones/
0.8,1,0.0,general,reddit_sysadmin,looking to get away from the,Looking to get away from the grind.,looking-to-get-away-from-the-grind,https://www.reddit.com/r/sysadmin/comments/1rkt9zz/looking_to_get_away_from_the_grind/
0.8,1,0.0,ai-automation,reddit_sysadmin,irs site fails dnssec validation,IRS site fails DNSSEC validation,irs-site-fails-dnssec-validation,https://www.reddit.com/r/sysadmin/comments/1rkwvl5/irs_site_fails_dnssec_validation/
0.8,1,0.0,prediction-markets,reddit_sysadmin,is the it jobs market in,"Is the IT jobs market in Europe bad right now? (Admins, VMware, Virtualization)",is-the-it-jobs-market-in-europe-bad-right-now-admins-vmware-virtualization,https://www.reddit.com/r/sysadmin/comments/1rkop63/is_the_it_jobs_market_in_europe_bad_right_now/
0.8,1,0.0,general,reddit_sysadmin,alternatives for secure external file sharing,Alternatives for secure external file sharing with clients,alternatives-for-secure-external-file-sharing-with-clients,https://www.reddit.com/r/sysadmin/comments/1rkeajd/alternatives_for_secure_external_file_sharing/
0.8,1,0.0,general,reddit_sysadmin,is anyone running on vm essentials,Is anyone running on VM Essentials yet?,is-anyone-running-on-vm-essentials-yet,https://www.reddit.com/r/sysadmin/comments/1rkwi2u/is_anyone_running_on_vm_essentials_yet/
0.8,1,0.0,ai-automation,reddit_sysadmin,actual shipping date of the new,Actual shipping date of the new MacBook Air M5?,actual-shipping-date-of-the-new-macbook-air-m5,https://www.reddit.com/r/sysadmin/comments/1rkxm0a/actual_shipping_date_of_the_new_macbook_air_m5/
0.8,1,0.0,general,reddit_sysadmin,i put up a job opening,I put up a job opening for a hardware tech - almost all apps are software only people.,i-put-up-a-job-opening-for-a-hardware-tech-almost-all-apps-are-software-only-people,https://www.reddit.com/r/sysadmin/comments/1rjuf3i/i_put_up_a_job_opening_for_a_hardware_tech_almost/
0.8,1,0.0,general,reddit_sysadmin,allow people to uninstall and install,Allow people to uninstall and install one specific product without admin rights?,allow-people-to-uninstall-and-install-one-specific-product-without-admin-rights,https://www.reddit.com/r/sysadmin/comments/1rkt23d/allow_people_to_uninstall_and_install_one/
0.8,1,0.0,general,reddit_sysadmin,bitdefender eps via gpo how,Bitdefender EPS via GPO: How?,bitdefender-eps-via-gpo-how,https://www.reddit.com/r/sysadmin/comments/1rkzoeh/bitdefender_eps_via_gpo_how/
0.8,1,0.0,ai-automation,reddit_sysadmin,retaining ex staff mailboxes in microsoft,Retaining ex-staff mailboxes in Microsoft 365,retaining-ex-staff-mailboxes-in-microsoft-365,https://www.reddit.com/r/sysadmin/comments/1rkoixs/retaining_exstaff_mailboxes_in_microsoft_365/
0.8,1,0.0,ai-automation,reddit_sysadmin,dell latitude laptops suddenly failing not,"Dell Latitude 3320 laptops suddenly failing (not booting, memory failures)",dell-latitude-3320-laptops-suddenly-failing-not-booting-memory-failures,https://www.reddit.com/r/sysadmin/comments/1rkv52f/dell_latitude_3320_laptops_suddenly_failing_not/
0.8,1,0.0,ai-automation,reddit_sysadmin,questions about issues with domain migrated,Questions about Issues with Domain Migrated Away from GoDaddy,questions-about-issues-with-domain-migrated-away-from-godaddy,https://www.reddit.com/r/sysadmin/comments/1rkx868/questions_about_issues_with_domain_migrated_away/
0.8,1,0.0,general,reddit_webdev,apple using a low res png,Apple using a low-res PNG to render text..,apple-using-a-low-res-png-to-render-text,https://www.reddit.com/r/webdev/comments/1rkxzyh/apple_using_a_lowres_png_to_render_text/
0.8,1,0.0,general,reddit_webdev,the end of eleventy,The End of Eleventy,the-end-of-eleventy,https://www.reddit.com/r/webdev/comments/1rkm9n6/the_end_of_eleventy/
0.8,1,0.0,general,reddit_webdev,sse vs websockets most devs default,SSE vs WebSockets — most devs default to WebSockets even when they don't need two-way communication,sse-vs-websockets-most-devs-default-to-websockets-even-when-they-don-t-need-two-way-commun,https://www.reddit.com/r/webdev/comments/1rkvqkt/sse_vs_websockets_most_devs_default_to_websockets/
0.8,1,0.0,general,reddit_webdev,saw this on linkedin how should,Saw this on Linkedin. How should this be intreperted? Also jquery in 2026?,saw-this-on-linkedin-how-should-this-be-intreperted-also-jquery-in-2026,https://www.reddit.com/r/webdev/comments/1rk25jd/saw_this_on_linkedin_how_should_this_be/
0.8,1,0.0,general,reddit_webdev,migrated from eslint prettier to oxlint,Migrated from ESLint + Prettier to Oxlint + Oxfmt [Benchmarks],migrated-from-eslint-prettier-to-oxlint-oxfmt-benchmarks,https://www.reddit.com/r/webdev/comments/1rkmt1k/migrated_from_eslint_prettier_to_oxlint_oxfmt/
0.8,1,0.0,general,reddit_webdev,the story of how rss beat,The story of how RSS beat Microsoft,the-story-of-how-rss-beat-microsoft,https://www.reddit.com/r/webdev/comments/1rkz6ba/the_story_of_how_rss_beat_microsoft/
0.8,1,0.0,small-business-tech,reddit_webdev,does anybody struggles with coming up,Does anybody struggles with coming up with design for the website,does-anybody-struggles-with-coming-up-with-design-for-the-website,https://www.reddit.com/r/webdev/comments/1rkn7rg/does_anybody_struggles_with_coming_up_with_design/
0.8,1,0.0,general,reddit_webdev,freelance scope creep,Freelance Scope creep,freelance-scope-creep,https://www.reddit.com/r/webdev/comments/1rkhdbr/freelance_scope_creep/
0.8,1,0.0,general,reddit_webdev,what s a technology you tried,"What's a technology you tried, loved, but would never use in production?",what-s-a-technology-you-tried-loved-but-would-never-use-in-production,https://www.reddit.com/r/webdev/comments/1rk4sx1/whats_a_technology_you_tried_loved_but_would/
0.8,1,0.0,general,reddit_webdev,finally hit lighthouse on mobile desktop,"Finally hit 100/100 Lighthouse on mobile/desktop. Yes, even with GTM.",finally-hit-100-100-lighthouse-on-mobile-desktop-yes-even-with-gtm,https://www.reddit.com/r/webdev/comments/1rl16xf/finally_hit_100100_lighthouse_on_mobiledesktop/
0.8,1,0.0,general,reddit_webdev,bogorg towr a tower stacking game,Bogorg/towr: A tower stacking game where every technical decision is slightly dumb,bogorg-towr-a-tower-stacking-game-where-every-technical-decision-is-slightly-dumb,https://www.reddit.com/r/webdev/comments/1rkj7b7/bogorgtowr_a_tower_stacking_game_where_every/
0.8,1,0.0,general,reddit_webdev,worldmonitor is a vibe coded mess,"WorldMonitor is a vibe coded mess, consider to stop using it if you do.",worldmonitor-is-a-vibe-coded-mess-consider-to-stop-using-it-if-you-do,https://www.reddit.com/r/webdev/comments/1rjucvg/worldmonitor_is_a_vibe_coded_mess_consider_to/
0.8,1,0.0,general,reddit_webdev,best way to run small coding,Best way to run small coding simulations from multiple languages in a browser?,best-way-to-run-small-coding-simulations-from-multiple-languages-in-a-browser,https://www.reddit.com/r/webdev/comments/1rkvtx8/best_way_to_run_small_coding_simulations_from/
0.8,1,0.0,ai-automation,reddit_webdev,domain suddenly not available,Domain suddenly not available,domain-suddenly-not-available,https://www.reddit.com/r/webdev/comments/1rl11qr/domain_suddenly_not_available/
0.8,1,0.0,ai-automation,reddit_webdev,tool for designing amp animating unicode,Tool for designing &amp; Animating Unicode braille icons,tool-for-designing-amp-animating-unicode-braille-icons,https://www.reddit.com/r/webdev/comments/1rkusi0/tool_for_designing_animating_unicode_braille_icons/
0.8,1,0.0,general,reddit_webdev,how do netflix put such full,How do Netflix put such full fledged games on their mobile client? What’s their tech stack?,how-do-netflix-put-such-full-fledged-games-on-their-mobile-client-what-s-their-tech-stack,https://www.reddit.com/r/webdev/comments/1rktk4c/how_do_netflix_put_such_full_fledged_games_on/
0.8,1,0.0,general,reddit_webdev,i am testing different stacks for,I am testing 5 different stacks for E-Comm; some of my test results.,i-am-testing-5-different-stacks-for-e-comm-some-of-my-test-results,https://www.reddit.com/r/webdev/comments/1rkjdbm/i_am_testing_5_different_stacks_for_ecomm_some_of/
0.8,1,0.0,ai-automation,reddit_webdev,is webdev considered a quot lower,Is webdev considered a &quot;lower&quot; domain than traditional programming?,is-webdev-considered-a-quot-lower-quot-domain-than-traditional-programming,https://www.reddit.com/r/webdev/comments/1rjswyt/is_webdev_considered_a_lower_domain_than/
0.8,1,0.0,payments,reddit_stripe,our annual letter,Our 2025 annual letter,our-2025-annual-letter,https://www.reddit.com/r/stripe/comments/1rdgjwk/our_2025_annual_letter/
0.8,1,0.0,payments,reddit_stripe,developers behold machine payments are coming,"Stripe Developers, Behold - Machine Payments are Coming",stripe-developers-behold-machine-payments-are-coming,https://www.reddit.com/r/stripe/comments/1r2c945/stripe_developers_behold_machine_payments_are/
0.8,1,0.0,payments,reddit_stripe,yesterday was my last day working,Yesterday was my last day working at Stripe. AMA,yesterday-was-my-last-day-working-at-stripe-ama,https://www.reddit.com/r/stripe/comments/1rkxa9u/yesterday_was_my_last_day_working_at_stripe_ama/
0.8,1,0.0,payments,reddit_stripe,google pay giving or bibed or,Google Pay + Stripe giving OR_BIBED_06 / OR_BIBED_08 regardless of account age – anyone solved this?,google-pay-stripe-giving-or-bibed-06-or-bibed-08-regardless-of-account-age-anyone-solved-t,https://www.reddit.com/r/stripe/comments/1rkz3hn/google_pay_stripe_giving_or_bibed_06_or_bibed_08/
0.8,1,0.0,payments,reddit_stripe,long time users beware this might,Long-time Stripe users beware: This might cost you a lot of revenue,long-time-stripe-users-beware-this-might-cost-you-a-lot-of-revenue,https://www.reddit.com/r/stripe/comments/1rkflgn/longtime_stripe_users_beware_this_might_cost_you/
0.8,1,0.0,ai-automation,reddit_stripe,the mcp server is now available,The Stripe MCP server is now available in Notion Custom Agents.,the-stripe-mcp-server-is-now-available-in-notion-custom-agents,https://www.reddit.com/r/stripe/comments/1rkuppm/the_stripe_mcp_server_is_now_available_in_notion/
0.8,1,0.0,payments,reddit_stripe,always double check your weekly summary,Always double check your weekly summary,always-double-check-your-weekly-summary,https://www.reddit.com/r/stripe/comments/1rkpwlk/always_double_check_your_weekly_summary/
0.8,1,0.0,payments,reddit_stripe,company out of business how can,Company out of business. How can I stop their incoming invoices.,company-out-of-business-how-can-i-stop-their-incoming-invoices,https://www.reddit.com/r/stripe/comments/1rkmtj2/company_out_of_business_how_can_i_stop_their/
0.8,1,0.0,payments,reddit_stripe,ceo patrick collison quot software should,Stripe CEO Patrick Collison: &quot;Software should be like pizza… cooked right then and there at the moment of use.&quot;,stripe-ceo-patrick-collison-quot-software-should-be-like-pizza-cooked-right-then-and-there,https://www.reddit.com/r/stripe/comments/1rkicb5/stripe_ceo_patrick_collison_software_should_be/
0.8,1,0.0,payments,reddit_stripe,we can no longer support your,We can no longer support your business.,we-can-no-longer-support-your-business,https://www.reddit.com/r/stripe/comments/1rjvvih/we_can_no_longer_support_your_business/
0.8,1,0.0,payments,reddit_stripe,online store doubt paypal and,Online store doubt (Paypal and Stripe),online-store-doubt-paypal-and-stripe,https://www.reddit.com/r/stripe/comments/1rjun60/online_store_doubt_paypal_and_stripe/
0.8,1,0.0,payments,reddit_stripe,supporting additional payment methods for agentic,Supporting additional payment methods for agentic commerce,supporting-additional-payment-methods-for-agentic-commerce,https://www.reddit.com/r/stripe/comments/1rjqtub/supporting_additional_payment_methods_for_agentic/
0.8,1,0.0,payments,reddit_stripe,misc,Stripe,stripe,https://www.reddit.com/r/stripe/comments/1rjzoyp/stripe/
0.8,1,0.0,payments,reddit_stripe,how big of a problem are,How big of a problem are failed Stripe payments for you really?,how-big-of-a-problem-are-failed-stripe-payments-for-you-really,https://www.reddit.com/r/stripe/comments/1rjle2q/how_big_of_a_problem_are_failed_stripe_payments/
0.8,1,0.0,ai-automation,reddit_stripe,can ai agents build real integrations,Can AI agents build real Stripe integrations? We built a benchmark to find out,can-ai-agents-build-real-stripe-integrations-we-built-a-benchmark-to-find-out,https://www.reddit.com/r/stripe/comments/1rj0yn5/can_ai_agents_build_real_stripe_integrations_we/
0.8,1,0.0,payments,reddit_stripe,does tax support lodging taxes in,Does Stripe Tax support lodging taxes in Canada?,does-stripe-tax-support-lodging-taxes-in-canada,https://www.reddit.com/r/stripe/comments/1rj5onw/does_stripe_tax_support_lodging_taxes_in_canada/
0.8,1,0.0,payments,reddit_stripe,production only failures in payment amp,Production-only failures in payment &amp; identity systems: 3 diagnostic patterns I check first,production-only-failures-in-payment-amp-identity-systems-3-diagnostic-patterns-i-check-fir,https://www.reddit.com/r/stripe/comments/1riwf89/productiononly_failures_in_payment_identity/
0.8,1,0.0,payments,reddit_stripe,d secure when customers pay via,3D Secure when customers pay via Link?,3d-secure-when-customers-pay-via-link,https://www.reddit.com/r/stripe/comments/1ripru5/3d_secure_when_customers_pay_via_link/
0.8,1,0.0,payments,reddit_stripe,got a weird use case and,Got a weird use case and not sure if Stripe is the answer. Can I use Stripe to store CC info to pay a third party?,got-a-weird-use-case-and-not-sure-if-stripe-is-the-answer-can-i-use-stripe-to-store-cc-inf,https://www.reddit.com/r/stripe/comments/1rhlo2u/got_a_weird_use_case_and_not_sure_if_stripe_is/
