url,title,h1,theme,audience,use_case,industry,city,state,modifier,page_type,intent,score
/ai-native-development-platforms-how-it-works-for-healthcare-in-san-diego-california.html,"ai-native development platforms how-it-works for healthcare in san-diego, california | SideGuy Solutions","ai-native development platforms how-it-works for healthcare in san-diego, california",ai-native development platforms,small business owners,implementation,healthcare,san-diego,california,for small business,how-it-works,small business owners | implementation | for small business | how-it-works,50
/ai-native-development-platforms-how-it-works-for-healthcare-in-los-angeles-california.html,"ai-native development platforms how-it-works for healthcare in los-angeles, california | SideGuy Solutions","ai-native development platforms how-it-works for healthcare in los-angeles, california",ai-native development platforms,small business owners,implementation,healthcare,los-angeles,california,for small business,how-it-works,small business owners | implementation | for small business | how-it-works,50
/ai-native-development-platforms-how-it-works-for-healthcare-in-san-francisco-california.html,"ai-native development platforms how-it-works for healthcare in san-francisco, california | SideGuy Solutions","ai-native development platforms how-it-works for healthcare in san-francisco, california",ai-native development platforms,small business owners,implementation,healthcare,san-francisco,california,for small business,how-it-works,small business owners | implementation | for small business | how-it-works,50
/ai-native-development-platforms-how-it-works-for-healthcare-in-chicago-california.html,"ai-native development platforms how-it-works for healthcare in chicago, california | SideGuy Solutions","ai-native development platforms how-it-works for healthcare in chicago, california",ai-native development platforms,small business owners,implementation,healthcare,chicago,california,for small business,how-it-works,small business owners | implementation | for small business | how-it-works,50
/ai-native-development-platforms-how-it-works-for-healthcare-in-miami-california.html,"ai-native development platforms how-it-works for healthcare in miami, california | SideGuy Solutions","ai-native development platforms how-it-works for healthcare in miami, california",ai-native development platforms,small business owners,implementation,healthcare,miami,california,for small business,how-it-works,small business owners | implementation | for small business | how-it-works,50
/ai-native-development-platforms-how-it-works-for-healthcare-in-austin-california.html,"ai-native development platforms how-it-works for healthcare in austin, california | SideGuy Solutions","ai-native development platforms how-it-works for healthcare in austin, california",ai-native development platforms,small business owners,implementation,healthcare,austin,california,for small business,how-it-works,small business owners | implementation | for small business | how-it-works,50
/ai-native-development-platforms-how-it-works-for-healthcare-in-new-york-california.html,"ai-native development platforms how-it-works for healthcare in new-york, california | SideGuy Solutions","ai-native development platforms how-it-works for healthcare in new-york, california",ai-native development platforms,small business owners,implementation,healthcare,new-york,california,for small business,how-it-works,small business owners | implementation | for small business | how-it-works,50
/ai-native-development-platforms-how-it-works-for-healthcare-in-seattle-california.html,"ai-native development platforms how-it-works for healthcare in seattle, california | SideGuy Solutions","ai-native development platforms how-it-works for healthcare in seattle, california",ai-native development platforms,small business owners,implementation,healthcare,seattle,california,for small business,how-it-works,small business owners | implementation | for small business | how-it-works,50
/ai-native-development-platforms-how-it-works-for-medical-device-software-in-san-diego-california.html,"ai-native development platforms how-it-works for medical device software in san-diego, california | SideGuy Solutions","ai-native development platforms how-it-works for medical device software in san-diego, california",ai-native development platforms,small business owners,implementation,medical device software,san-diego,california,for small business,how-it-works,small business owners | implementation | for small business | how-it-works,50
/ai-native-development-platforms-how-it-works-for-medical-device-software-in-los-angeles-california.html,"ai-native development platforms how-it-works for medical device software in los-angeles, california | SideGuy Solutions","ai-native development platforms how-it-works for medical device software in los-angeles, california",ai-native development platforms,small business owners,implementation,medical device software,los-angeles,california,for small business,how-it-works,small business owners | implementation | for small business | how-it-works,50
/ai-native-development-platforms-how-it-works-for-medical-device-software-in-san-francisco-california.html,"ai-native development platforms how-it-works for medical device software in san-francisco, california | SideGuy Solutions","ai-native development platforms how-it-works for medical device software in san-francisco, california",ai-native development platforms,small business owners,implementation,medical device software,san-francisco,california,for small business,how-it-works,small business owners | implementation | for small business | how-it-works,50
/ai-native-development-platforms-how-it-works-for-medical-device-software-in-chicago-california.html,"ai-native development platforms how-it-works for medical device software in chicago, california | SideGuy Solutions","ai-native development platforms how-it-works for medical device software in chicago, california",ai-native development platforms,small business owners,implementation,medical device software,chicago,california,for small business,how-it-works,small business owners | implementation | for small business | how-it-works,50
/ai-native-development-platforms-how-it-works-for-medical-device-software-in-miami-california.html,"ai-native development platforms how-it-works for medical device software in miami, california | SideGuy Solutions","ai-native development platforms how-it-works for medical device software in miami, california",ai-native development platforms,small business owners,implementation,medical device software,miami,california,for small business,how-it-works,small business owners | implementation | for small business | how-it-works,50
/ai-native-development-platforms-how-it-works-for-medical-device-software-in-austin-california.html,"ai-native development platforms how-it-works for medical device software in austin, california | SideGuy Solutions","ai-native development platforms how-it-works for medical device software in austin, california",ai-native development platforms,small business owners,implementation,medical device software,austin,california,for small business,how-it-works,small business owners | implementation | for small business | how-it-works,50
/ai-native-development-platforms-how-it-works-for-medical-device-software-in-new-york-california.html,"ai-native development platforms how-it-works for medical device software in new-york, california | SideGuy Solutions","ai-native development platforms how-it-works for medical device software in new-york, california",ai-native development platforms,small business owners,implementation,medical device software,new-york,california,for small business,how-it-works,small business owners | implementation | for small business | how-it-works,50
/ai-native-development-platforms-how-it-works-for-medical-device-software-in-seattle-california.html,"ai-native development platforms how-it-works for medical device software in seattle, california | SideGuy Solutions","ai-native development platforms how-it-works for medical device software in seattle, california",ai-native development platforms,small business owners,implementation,medical device software,seattle,california,for small business,how-it-works,small business owners | implementation | for small business | how-it-works,50
/ai-native-development-platforms-what-is-for-healthcare-in-san-diego-california.html,"ai-native development platforms what-is for healthcare in san-diego, california | SideGuy Solutions","ai-native development platforms what-is for healthcare in san-diego, california",ai-native development platforms,small business owners,implementation,healthcare,san-diego,california,for small business,what-is,small business owners | implementation | for small business | what-is,49
/ai-native-development-platforms-what-is-for-healthcare-in-los-angeles-california.html,"ai-native development platforms what-is for healthcare in los-angeles, california | SideGuy Solutions","ai-native development platforms what-is for healthcare in los-angeles, california",ai-native development platforms,small business owners,implementation,healthcare,los-angeles,california,for small business,what-is,small business owners | implementation | for small business | what-is,49
/ai-native-development-platforms-what-is-for-healthcare-in-san-francisco-california.html,"ai-native development platforms what-is for healthcare in san-francisco, california | SideGuy Solutions","ai-native development platforms what-is for healthcare in san-francisco, california",ai-native development platforms,small business owners,implementation,healthcare,san-francisco,california,for small business,what-is,small business owners | implementation | for small business | what-is,49
/ai-native-development-platforms-what-is-for-healthcare-in-chicago-california.html,"ai-native development platforms what-is for healthcare in chicago, california | SideGuy Solutions","ai-native development platforms what-is for healthcare in chicago, california",ai-native development platforms,small business owners,implementation,healthcare,chicago,california,for small business,what-is,small business owners | implementation | for small business | what-is,49
/ai-native-development-platforms-what-is-for-healthcare-in-miami-california.html,"ai-native development platforms what-is for healthcare in miami, california | SideGuy Solutions","ai-native development platforms what-is for healthcare in miami, california",ai-native development platforms,small business owners,implementation,healthcare,miami,california,for small business,what-is,small business owners | implementation | for small business | what-is,49
/ai-native-development-platforms-what-is-for-healthcare-in-austin-california.html,"ai-native development platforms what-is for healthcare in austin, california | SideGuy Solutions","ai-native development platforms what-is for healthcare in austin, california",ai-native development platforms,small business owners,implementation,healthcare,austin,california,for small business,what-is,small business owners | implementation | for small business | what-is,49
/ai-native-development-platforms-what-is-for-healthcare-in-new-york-california.html,"ai-native development platforms what-is for healthcare in new-york, california | SideGuy Solutions","ai-native development platforms what-is for healthcare in new-york, california",ai-native development platforms,small business owners,implementation,healthcare,new-york,california,for small business,what-is,small business owners | implementation | for small business | what-is,49
/ai-native-development-platforms-what-is-for-healthcare-in-seattle-california.html,"ai-native development platforms what-is for healthcare in seattle, california | SideGuy Solutions","ai-native development platforms what-is for healthcare in seattle, california",ai-native development platforms,small business owners,implementation,healthcare,seattle,california,for small business,what-is,small business owners | implementation | for small business | what-is,49
/ai-native-development-platforms-what-is-for-medical-device-software-in-san-diego-california.html,"ai-native development platforms what-is for medical device software in san-diego, california | SideGuy Solutions","ai-native development platforms what-is for medical device software in san-diego, california",ai-native development platforms,small business owners,implementation,medical device software,san-diego,california,for small business,what-is,small business owners | implementation | for small business | what-is,49
/ai-native-development-platforms-what-is-for-medical-device-software-in-los-angeles-california.html,"ai-native development platforms what-is for medical device software in los-angeles, california | SideGuy Solutions","ai-native development platforms what-is for medical device software in los-angeles, california",ai-native development platforms,small business owners,implementation,medical device software,los-angeles,california,for small business,what-is,small business owners | implementation | for small business | what-is,49
/ai-native-development-platforms-what-is-for-medical-device-software-in-san-francisco-california.html,"ai-native development platforms what-is for medical device software in san-francisco, california | SideGuy Solutions","ai-native development platforms what-is for medical device software in san-francisco, california",ai-native development platforms,small business owners,implementation,medical device software,san-francisco,california,for small business,what-is,small business owners | implementation | for small business | what-is,49
/ai-native-development-platforms-what-is-for-medical-device-software-in-chicago-california.html,"ai-native development platforms what-is for medical device software in chicago, california | SideGuy Solutions","ai-native development platforms what-is for medical device software in chicago, california",ai-native development platforms,small business owners,implementation,medical device software,chicago,california,for small business,what-is,small business owners | implementation | for small business | what-is,49
/ai-native-development-platforms-what-is-for-medical-device-software-in-miami-california.html,"ai-native development platforms what-is for medical device software in miami, california | SideGuy Solutions","ai-native development platforms what-is for medical device software in miami, california",ai-native development platforms,small business owners,implementation,medical device software,miami,california,for small business,what-is,small business owners | implementation | for small business | what-is,49
/ai-native-development-platforms-what-is-for-medical-device-software-in-austin-california.html,"ai-native development platforms what-is for medical device software in austin, california | SideGuy Solutions","ai-native development platforms what-is for medical device software in austin, california",ai-native development platforms,small business owners,implementation,medical device software,austin,california,for small business,what-is,small business owners | implementation | for small business | what-is,49
/ai-native-development-platforms-how-it-works-for-healthcare-in-san-diego-texas.html,"ai-native development platforms how-it-works for healthcare in san-diego, texas | SideGuy Solutions","ai-native development platforms how-it-works for healthcare in san-diego, texas",ai-native development platforms,small business owners,implementation,healthcare,san-diego,texas,for small business,how-it-works,small business owners | implementation | for small business | how-it-works,49
/ai-native-development-platforms-how-it-works-for-healthcare-in-los-angeles-texas.html,"ai-native development platforms how-it-works for healthcare in los-angeles, texas | SideGuy Solutions","ai-native development platforms how-it-works for healthcare in los-angeles, texas",ai-native development platforms,small business owners,implementation,healthcare,los-angeles,texas,for small business,how-it-works,small business owners | implementation | for small business | how-it-works,49
/ai-native-development-platforms-how-it-works-for-healthcare-in-san-francisco-texas.html,"ai-native development platforms how-it-works for healthcare in san-francisco, texas | SideGuy Solutions","ai-native development platforms how-it-works for healthcare in san-francisco, texas",ai-native development platforms,small business owners,implementation,healthcare,san-francisco,texas,for small business,how-it-works,small business owners | implementation | for small business | how-it-works,49
/ai-native-development-platforms-how-it-works-for-healthcare-in-chicago-texas.html,"ai-native development platforms how-it-works for healthcare in chicago, texas | SideGuy Solutions","ai-native development platforms how-it-works for healthcare in chicago, texas",ai-native development platforms,small business owners,implementation,healthcare,chicago,texas,for small business,how-it-works,small business owners | implementation | for small business | how-it-works,49
/ai-native-development-platforms-how-it-works-for-healthcare-in-miami-texas.html,"ai-native development platforms how-it-works for healthcare in miami, texas | SideGuy Solutions","ai-native development platforms how-it-works for healthcare in miami, texas",ai-native development platforms,small business owners,implementation,healthcare,miami,texas,for small business,how-it-works,small business owners | implementation | for small business | how-it-works,49
/ai-native-development-platforms-how-it-works-for-healthcare-in-austin-texas.html,"ai-native development platforms how-it-works for healthcare in austin, texas | SideGuy Solutions","ai-native development platforms how-it-works for healthcare in austin, texas",ai-native development platforms,small business owners,implementation,healthcare,austin,texas,for small business,how-it-works,small business owners | implementation | for small business | how-it-works,49
/ai-native-development-platforms-how-it-works-for-healthcare-in-new-york-texas.html,"ai-native development platforms how-it-works for healthcare in new-york, texas | SideGuy Solutions","ai-native development platforms how-it-works for healthcare in new-york, texas",ai-native development platforms,small business owners,implementation,healthcare,new-york,texas,for small business,how-it-works,small business owners | implementation | for small business | how-it-works,49
/ai-native-development-platforms-how-it-works-for-healthcare-in-seattle-texas.html,"ai-native development platforms how-it-works for healthcare in seattle, texas | SideGuy Solutions","ai-native development platforms how-it-works for healthcare in seattle, texas",ai-native development platforms,small business owners,implementation,healthcare,seattle,texas,for small business,how-it-works,small business owners | implementation | for small business | how-it-works,49
/ai-native-development-platforms-how-it-works-for-medical-device-software-in-san-diego-texas.html,"ai-native development platforms how-it-works for medical device software in san-diego, texas | SideGuy Solutions","ai-native development platforms how-it-works for medical device software in san-diego, texas",ai-native development platforms,small business owners,implementation,medical device software,san-diego,texas,for small business,how-it-works,small business owners | implementation | for small business | how-it-works,49
/ai-native-development-platforms-how-it-works-for-medical-device-software-in-los-angeles-texas.html,"ai-native development platforms how-it-works for medical device software in los-angeles, texas | SideGuy Solutions","ai-native development platforms how-it-works for medical device software in los-angeles, texas",ai-native development platforms,small business owners,implementation,medical device software,los-angeles,texas,for small business,how-it-works,small business owners | implementation | for small business | how-it-works,49
