path,health_score,classification,notes
site/ai-advice-for-new-businesses-when-it-fails.html,4,strong,""
site/ai-cooling-energy-optimization-san-diego.html,4,strong,""
site/ai-automation-encinitas-7.html,2,stable,"thin-content"
site/crypto-payments-encinitas-18.html,2,stable,"thin-content"
site/ai-automation-del-mar-5.html,2,stable,"thin-content"
site/hvac-tech-help-encinitas-10.html,2,stable,"thin-content"
site/crypto-payments-solana-beach-6.html,2,stable,"thin-content"
site/hvac-tech-help-solana-beach-1.html,2,stable,"thin-content"
site/crypto-payments-san-diego-18.html,2,stable,"thin-content"
site/ai-automation-san-diego-14.html,2,stable,"thin-content"
site/human-tech-help-del-mar-17.html,2,stable,"thin-content"
site/payment-processing-encinitas-11.html,1,fragile,"low-internal-links thin-content"
site/ai-gave-wrong-answer-san-diego.html,4,strong,""
site/hvac-tech-help-solana-beach-16.html,2,stable,"thin-content"
site/chatgpt-vs-reality-local-decisions.html,4,strong,""
site/payment-processing-cardiff-by-the-sea-1.html,1,fragile,"low-internal-links thin-content"
site/hvac-tech-help-san-diego-2.html,2,stable,"thin-content"
site/ai-automation-cardiff-by-the-sea-7.html,2,stable,"thin-content"
site/crypto-payments-san-diego-8.html,2,stable,"thin-content"
site/ai-automation-del-mar-12.html,2,stable,"thin-content"
site/ai-for-research-not-decisions.html,4,strong,""
site/crypto-payments-solana-beach-12.html,2,stable,"thin-content"
site/payment-processing-san-diego-16.html,1,fragile,"low-internal-links thin-content"
site/ai-automation-solana-beach-1.html,2,stable,"thin-content"
site/crypto-payments-solana-beach-10.html,2,stable,"thin-content"
site/ai-automation-cardiff-by-the-sea-15.html,2,stable,"thin-content"
site/ai-automation-del-mar-2.html,2,stable,"thin-content"
site/crypto-payments-encinitas-9.html,2,stable,"thin-content"
site/human-tech-help-encinitas-10.html,2,stable,"thin-content"
site/hvac-tech-help-encinitas-7.html,2,stable,"thin-content"
site/payment-processing-cardiff-by-the-sea-5.html,1,fragile,"low-internal-links thin-content"
site/ai-automation-san-diego-3.html,2,stable,"thin-content"
site/small-business-energy-risk-san-diego.html,4,strong,""
site/ai-explains-human-confirms.html,4,strong,""
site/payment-processing-del-mar-20.html,1,fragile,"low-internal-links thin-content"
site/office-energy-rates-san-diego.html,4,strong,""
site/energy-clarity-for-the-next-decade-san-diego.html,4,strong,""
site/what-to-learn-and-ignore.html,1,fragile,"low-internal-links thin-content"
site/human-tech-help-solana-beach-13.html,2,stable,"thin-content"
site/ai-automation-cardiff-by-the-sea-17.html,2,stable,"thin-content"
site/crypto-payments-solana-beach-15.html,2,stable,"thin-content"
site/human-tech-help-del-mar-20.html,2,stable,"thin-content"
site/hvac-tech-help-cardiff-by-the-sea-6.html,2,stable,"thin-content"
site/payment-processing-cardiff-by-the-sea-4.html,1,fragile,"low-internal-links thin-content"
site/crypto-payments-solana-beach-13.html,2,stable,"thin-content"
site/ai-missed-local-context-san-diego.html,4,strong,""
site/ai-automation-encinitas-19.html,2,stable,"thin-content"
site/how-sideguy-makes-money.html,1,fragile,"low-internal-links thin-content"
site/human-tech-help-san-diego-13.html,2,stable,"thin-content"
site/hvac-tech-help-encinitas-15.html,2,stable,"thin-content"
site/hvac-tech-help-cardiff-by-the-sea-1.html,2,stable,"thin-content"
site/ai-for-high-electric-bills-san-diego.html,4,strong,""
site/human-tech-help-del-mar-13.html,2,stable,"thin-content"
site/san-diego-future.html,1,fragile,"low-internal-links thin-content"
site/payment-processing-del-mar-9.html,1,fragile,"low-internal-links thin-content"
site/crypto-payments-san-diego-10.html,2,stable,"thin-content"
site/hvac-tech-help-encinitas-13.html,2,stable,"thin-content"
site/hvac-tech-help-san-diego-5.html,2,stable,"thin-content"
site/financial-and-energy-decisions-after-divorce.html,4,strong,""
site/payment-processing-encinitas-8.html,1,fragile,"low-internal-links thin-content"
site/hvac-tech-help-cardiff-by-the-sea-14.html,2,stable,"thin-content"
site/crypto-payments-solana-beach-7.html,2,stable,"thin-content"
site/hvac-tech-help-del-mar-14.html,2,stable,"thin-content"
site/ai-energy-mistake-prevention-san-diego.html,4,strong,""
site/payment-processing-solana-beach-6.html,1,fragile,"low-internal-links thin-content"
site/human-tech-help-cardiff-by-the-sea-16.html,2,stable,"thin-content"
site/payment-processing-san-diego-6.html,1,fragile,"low-internal-links thin-content"
site/ai-automation-encinitas-20.html,2,stable,"thin-content"
site/ai-automation-solana-beach-17.html,2,stable,"thin-content"
site/solar-install-mistakes-san-diego.html,3,stable,"low-internal-links"
site/payment-processing-solana-beach-15.html,1,fragile,"low-internal-links thin-content"
site/human-tech-help-solana-beach-15.html,2,stable,"thin-content"
site/restaurant-energy-cost-ai-san-diego.html,4,strong,""
site/ai-energy-human-in-the-loop-san-diego.html,4,strong,""
site/clarity-before-cost-life-events.html,3,stable,"low-internal-links"
site/energy-decision-support-during-rate-changes.html,4,strong,""
site/human-tech-help-san-diego-6.html,2,stable,"thin-content"
site/hvac-tech-help-solana-beach-5.html,2,stable,"thin-content"
site/ai-energy-automation-explained-san-diego.html,4,strong,""
site/payment-processing-del-mar-1.html,1,fragile,"low-internal-links thin-content"
site/crypto-payments-del-mar-17.html,2,stable,"thin-content"
site/human-tech-help-del-mar-19.html,2,stable,"thin-content"
site/is-my-electric-bill-normal-san-diego.html,3,stable,"low-internal-links"
site/will-energy-get-more-expensive-san-diego.html,4,strong,""
site/ai-automation-solana-beach-5.html,2,stable,"thin-content"
site/crypto-payments-san-diego-15.html,2,stable,"thin-content"
site/ai-automation-cardiff-by-the-sea-4.html,2,stable,"thin-content"
site/human-tech-help-san-diego-20.html,2,stable,"thin-content"
site/crypto-payments-encinitas-20.html,2,stable,"thin-content"
site/ai-automation-cardiff-by-the-sea-19.html,2,stable,"thin-content"
site/payment-processing-cardiff-by-the-sea-8.html,1,fragile,"low-internal-links thin-content"
site/ai-automation-solana-beach-3.html,2,stable,"thin-content"
site/human-tech-help-encinitas-17.html,2,stable,"thin-content"
site/ai-said-this-would-save-money.html,4,strong,""
site/human-tech-help-solana-beach-9.html,2,stable,"thin-content"
site/human-tech-help-san-diego-3.html,2,stable,"thin-content"
site/energy-policy-human-translation-san-diego.html,4,strong,""
site/ai-automation-san-diego-7.html,2,stable,"thin-content"
site/hvac-tech-help-del-mar-18.html,2,stable,"thin-content"
site/hvac-tech-help-encinitas-4.html,2,stable,"thin-content"
site/ai-energy-future-readiness-san-diego.html,4,strong,""
site/ai-automation-solana-beach-14.html,2,stable,"thin-content"
site/human-tech-help-solana-beach-19.html,2,stable,"thin-content"
site/ai-automation-encinitas-2.html,2,stable,"thin-content"
site/crypto-payments-san-diego-14.html,2,stable,"thin-content"
site/ai-automation-cardiff-by-the-sea-9.html,2,stable,"thin-content"
site/hvac-tech-help-del-mar-12.html,2,stable,"thin-content"
site/ai-automation-encinitas-16.html,2,stable,"thin-content"
site/black-box-energy-ai-risks-san-diego.html,4,strong,""
site/crypto-payments-cardiff-by-the-sea-4.html,2,stable,"thin-content"
site/crypto-payments-cardiff-by-the-sea-8.html,2,stable,"thin-content"
site/payment-processing-san-diego-5.html,1,fragile,"low-internal-links thin-content"
site/moving-life-decisions-what-to-consider.html,3,stable,"low-internal-links"
site/crypto-payments-san-diego-20.html,2,stable,"thin-content"
site/hvac-tech-help-del-mar-9.html,2,stable,"thin-content"
site/hvac-tech-help-solana-beach-9.html,2,stable,"thin-content"
site/ai-demand-response-san-diego.html,4,strong,""
site/hvac-tech-help-solana-beach-2.html,2,stable,"thin-content"
site/time-of-use-ai-analysis-san-diego.html,4,strong,""
site/crypto-payments-del-mar-2.html,2,stable,"thin-content"
site/ai-automation-cardiff-by-the-sea-14.html,2,stable,"thin-content"
site/ai-automation-solana-beach-8.html,2,stable,"thin-content"
site/energy-proposal-second-opinion-san-diego.html,4,strong,""
site/crypto-payments-solana-beach-11.html,2,stable,"thin-content"
site/hvac-tech-help-san-diego-18.html,2,stable,"thin-content"
site/payment-processing-encinitas-2.html,1,fragile,"low-internal-links thin-content"
site/payment-processing-cardiff-by-the-sea-10.html,1,fragile,"low-internal-links thin-content"
site/ai-advice-vs-retirement-reality.html,4,strong,""
site/hvac-tech-help-del-mar-2.html,2,stable,"thin-content"
site/ai-doesnt-know-my-utility-san-diego.html,4,strong,""
site/hvac-tech-help-solana-beach-11.html,2,stable,"thin-content"
site/having-a-baby-big-decisions.html,3,stable,"low-internal-links"
site/human-tech-help-cardiff-by-the-sea-20.html,2,stable,"thin-content"
site/human-tech-help-san-diego-7.html,2,stable,"thin-content"
site/ai-automation-solana-beach-20.html,2,stable,"thin-content"
site/local-decisions-ai-cant-make.html,4,strong,""
site/hvac-tech-help-cardiff-by-the-sea-3.html,2,stable,"thin-content"
site/ai-local-energy-intelligence-san-diego.html,4,strong,""
site/hvac-tech-help-del-mar-3.html,2,stable,"thin-content"
site/crypto-payments-encinitas-8.html,2,stable,"thin-content"
site/payment-processing-solana-beach-14.html,1,fragile,"low-internal-links thin-content"
site/ai-automation-encinitas-4.html,2,stable,"thin-content"
site/human-tech-help-cardiff-by-the-sea-6.html,2,stable,"thin-content"
site/what-to-do-about-high-energy-costs-san-diego.html,4,strong,""
site/crypto-payments-cardiff-by-the-sea-5.html,2,stable,"thin-content"
site/future-energy-pricing-ai-san-diego.html,4,strong,""
site/crypto-payments-encinitas-13.html,2,stable,"thin-content"
site/energy-policy-changes-san-diego.html,4,strong,""
site/hvac-tech-help-solana-beach-17.html,2,stable,"thin-content"
site/human-tech-help-cardiff-by-the-sea-15.html,2,stable,"thin-content"
site/hvac-tech-help-del-mar-6.html,2,stable,"thin-content"
site/hvac-tech-help-solana-beach-4.html,2,stable,"thin-content"
site/ai-automation-encinitas-5.html,2,stable,"thin-content"
site/costs-change-after-having-a-baby.html,3,stable,"low-internal-links"
site/crypto-payments-solana-beach-16.html,2,stable,"thin-content"
site/hvac-tech-help-san-diego-13.html,2,stable,"thin-content"
site/ai-automation-encinitas-11.html,2,stable,"thin-content"
site/payment-processing-encinitas-12.html,1,fragile,"low-internal-links thin-content"
site/crypto-payments-encinitas-14.html,2,stable,"thin-content"
site/hvac-tech-help-solana-beach-13.html,2,stable,"thin-content"
site/human-tech-help-san-diego-18.html,2,stable,"thin-content"
site/hvac-tech-help-del-mar-13.html,2,stable,"thin-content"
site/hvac-tech-help-encinitas-11.html,2,stable,"thin-content"
site/hvac-tech-help-del-mar-5.html,2,stable,"thin-content"
site/sdge-rate-plan-changes-explained.html,4,strong,""
site/crypto-payments-san-diego-12.html,2,stable,"thin-content"
site/crypto-payments-cardiff-by-the-sea-10.html,2,stable,"thin-content"
site/human-tech-help-del-mar-9.html,2,stable,"thin-content"
site/hvac-tech-help-san-diego-15.html,2,stable,"thin-content"
site/human-tech-help-encinitas-15.html,2,stable,"thin-content"
site/ai-automation-san-diego-10.html,2,stable,"thin-content"
site/electric-bill-doubled-san-diego.html,3,stable,"low-internal-links"
site/ai-automation-solana-beach-4.html,2,stable,"thin-content"
site/crypto-payments-encinitas-6.html,2,stable,"thin-content"
site/ai-doesnt-understand-moving-context.html,4,strong,""
site/when-not-to-rush-major-decisions.html,3,stable,"low-internal-links"
site/hvac-tech-help-san-diego-17.html,2,stable,"thin-content"
site/human-tech-help-san-diego-19.html,2,stable,"thin-content"
site/human-tech-help-cardiff-by-the-sea-5.html,2,stable,"thin-content"
site/payment-processing-san-diego-3.html,1,fragile,"low-internal-links thin-content"
site/ai-automation-encinitas-9.html,2,stable,"thin-content"
site/crypto-payments-encinitas-11.html,2,stable,"thin-content"
site/ai-was-right-but-still-costly.html,4,strong,""
site/crypto-payments-encinitas-4.html,2,stable,"thin-content"
site/payment-processing-cardiff-by-the-sea-15.html,1,fragile,"low-internal-links thin-content"
site/payment-processing-encinitas-16.html,1,fragile,"low-internal-links thin-content"
site/crypto-payments-san-diego-11.html,2,stable,"thin-content"
site/nems-3-solar-regret-san-diego.html,3,stable,"low-internal-links"
site/payment-processing-del-mar-2.html,1,fragile,"low-internal-links thin-content"
site/ai-needs-human-override.html,4,strong,""
site/crypto-payments-del-mar-8.html,2,stable,"thin-content"
site/payment-processing-san-diego-10.html,1,fragile,"low-internal-links thin-content"
site/home-energy-ai-analysis-san-diego.html,4,strong,""
site/human-tech-help-solana-beach-4.html,2,stable,"thin-content"
site/human-tech-help-del-mar-18.html,2,stable,"thin-content"
site/hvac-tech-help-del-mar-8.html,2,stable,"thin-content"
site/human-tech-help-cardiff-by-the-sea-4.html,2,stable,"thin-content"
site/battery-incentive-changes-san-diego.html,3,stable,"low-internal-links"
site/ai-automation-san-diego-8.html,2,stable,"thin-content"
site/human-tech-help-solana-beach-8.html,2,stable,"thin-content"
site/payment-processing-del-mar-17.html,1,fragile,"low-internal-links thin-content"
site/padres-ticket-timing-real-signals.html,3,stable,"low-internal-links"
site/ai-automation-solana-beach-19.html,2,stable,"thin-content"
site/ai-automation-cardiff-by-the-sea-16.html,2,stable,"thin-content"
site/crypto-payments-solana-beach-2.html,2,stable,"thin-content"
site/ev-energy-load-planning-san-diego.html,4,strong,""
site/why-is-my-sdge-bill-so-high.html,3,stable,"low-internal-links"
site/human-tech-help-encinitas-18.html,2,stable,"thin-content"
site/ai-automation-solana-beach-15.html,2,stable,"thin-content"
site/ai-automation-del-mar-6.html,2,stable,"thin-content"
site/battery-sizing-ai-san-diego.html,4,strong,""
site/payment-processing-solana-beach-17.html,1,fragile,"low-internal-links thin-content"
site/ai-energy-help-del-mar.html,4,strong,""
site/payment-processing-solana-beach-5.html,1,fragile,"low-internal-links thin-content"
site/hvac-tech-help-solana-beach-19.html,2,stable,"thin-content"
site/hvac-tech-help-del-mar-7.html,2,stable,"thin-content"
site/hvac-tech-help-solana-beach-3.html,2,stable,"thin-content"
site/crypto-payments-solana-beach-4.html,2,stable,"thin-content"
site/human-tech-help-san-diego-16.html,2,stable,"thin-content"
site/hvac-tech-help-san-diego-8.html,2,stable,"thin-content"
site/ai-didnt-account-for-rate-changes.html,4,strong,""
site/ai-energy-help-la-jolla.html,4,strong,""
site/hvac-tech-help-encinitas-8.html,2,stable,"thin-content"
site/crypto-payments-solana-beach-17.html,2,stable,"thin-content"
site/ai-automation-san-diego-20.html,2,stable,"thin-content"
site/human-tech-help-del-mar-12.html,2,stable,"thin-content"
site/payment-processing-solana-beach-16.html,1,fragile,"low-internal-links thin-content"
site/ai-energy-risk-analysis-san-diego.html,4,strong,""
site/hvac-tech-help-cardiff-by-the-sea-11.html,2,stable,"thin-content"
site/human-in-the-loop-energy-ai-san-diego.html,4,strong,""
site/human-tech-help-del-mar-16.html,2,stable,"thin-content"
site/crypto-payments-cardiff-by-the-sea-2.html,2,stable,"thin-content"
site/energy-and-costs-in-retirement.html,4,strong,""
site/crypto-payments-encinitas-2.html,2,stable,"thin-content"
site/payment-processing-san-diego-14.html,1,fragile,"low-internal-links thin-content"
site/crypto-payments-solana-beach-8.html,2,stable,"thin-content"
site/human-tech-help-cardiff-by-the-sea-9.html,2,stable,"thin-content"
site/crypto-payments-cardiff-by-the-sea-7.html,2,stable,"thin-content"
site/hvac-tech-help-san-diego-6.html,2,stable,"thin-content"
site/hvac-tech-help-solana-beach-18.html,2,stable,"thin-content"
site/human-tech-help-cardiff-by-the-sea-13.html,2,stable,"thin-content"
site/human-tech-help-cardiff-by-the-sea-10.html,2,stable,"thin-content"
site/crypto-payments-solana-beach-1.html,2,stable,"thin-content"
site/payment-processing-encinitas-6.html,1,fragile,"low-internal-links thin-content"
site/human-tech-help-cardiff-by-the-sea-14.html,2,stable,"thin-content"
site/human-tech-help-cardiff-by-the-sea-17.html,2,stable,"thin-content"
site/nems-3-explained-san-diego.html,4,strong,""
site/crypto-payments-del-mar-13.html,2,stable,"thin-content"
site/human-tech-help-san-diego-2.html,2,stable,"thin-content"
site/crypto-payments-del-mar-20.html,2,stable,"thin-content"
site/solar-battery-ai-planning-san-diego.html,4,strong,""
site/ai-automation-cardiff-by-the-sea-11.html,2,stable,"thin-content"
site/crypto-payments-san-diego-4.html,2,stable,"thin-content"
site/crypto-payments-cardiff-by-the-sea-17.html,2,stable,"thin-content"
site/ai-automation-cardiff-by-the-sea-13.html,2,stable,"thin-content"
site/payment-processing-cardiff-by-the-sea-20.html,1,fragile,"low-internal-links thin-content"
site/human-tech-help-encinitas-1.html,2,stable,"thin-content"
site/hvac-tech-help-del-mar-20.html,2,stable,"thin-content"
site/ai-automation-solana-beach-2.html,2,stable,"thin-content"
site/payment-processing-san-diego-12.html,1,fragile,"low-internal-links thin-content"
site/hvac-tech-help-encinitas-2.html,2,stable,"thin-content"
site/ai-automation-cardiff-by-the-sea-12.html,2,stable,"thin-content"
site/office-energy-efficiency-ai-san-diego.html,4,strong,""
site/ai-automation-del-mar-19.html,2,stable,"thin-content"
site/ai-grid-resilience-san-diego.html,4,strong,""
site/hvac-tech-help-san-diego-4.html,2,stable,"thin-content"
site/ai-automation-solana-beach-13.html,2,stable,"thin-content"
site/ai-energy-clarity-before-install-san-diego.html,4,strong,""
site/crypto-payments-del-mar-10.html,2,stable,"thin-content"
site/ai-energy-optimization-san-diego.html,4,strong,""
site/human-tech-help-san-diego-8.html,2,stable,"thin-content"
site/ai-energy-decision-support-san-diego.html,4,strong,""
site/energy-sales-pressure-help-san-diego.html,4,strong,""
site/electricity-cost-ai-advisor-san-diego.html,4,strong,""
site/payment-processing-san-diego-8.html,1,fragile,"low-internal-links thin-content"
site/home-electrification-policy-san-diego.html,3,stable,"low-internal-links"
site/crypto-payments-solana-beach-3.html,2,stable,"thin-content"
site/ai-automation-san-diego-17.html,2,stable,"thin-content"
site/when-ai-helps-when-it-hurts.html,4,strong,""
site/ai-automation-encinitas-1.html,2,stable,"thin-content"
site/ai-energy-help-solana-beach.html,4,strong,""
site/human-tech-help-del-mar-8.html,2,stable,"thin-content"
site/crypto-payments-del-mar-9.html,2,stable,"thin-content"
site/crypto-payments-del-mar-16.html,2,stable,"thin-content"
site/payment-processing-san-diego-2.html,1,fragile,"low-internal-links thin-content"
site/payment-processing-cardiff-by-the-sea-3.html,1,fragile,"low-internal-links thin-content"
site/ai-energy-consulting-for-small-business-san-diego.html,4,strong,""
site/payment-processing-encinitas-10.html,1,fragile,"low-internal-links thin-content"
site/crypto-payments-san-diego-17.html,2,stable,"thin-content"
site/payment-processing-cardiff-by-the-sea-14.html,1,fragile,"low-internal-links thin-content"
site/ai-automation-encinitas-10.html,2,stable,"thin-content"
site/ai-energy-model-explained-san-diego.html,4,strong,""
site/payment-processing-encinitas-13.html,1,fragile,"low-internal-links thin-content"
site/crypto-payments-solana-beach-5.html,2,stable,"thin-content"
site/ai-automation-san-diego-12.html,2,stable,"thin-content"
site/ai-data-centers-energy-san-diego.html,4,strong,""
site/crypto-payments-encinitas-12.html,2,stable,"thin-content"
site/energy-bill-second-opinion-san-diego.html,4,strong,""
site/hvac-tech-help-encinitas-16.html,2,stable,"thin-content"
site/ai-automation-solana-beach-10.html,2,stable,"thin-content"
site/payment-processing-san-diego-19.html,1,fragile,"low-internal-links thin-content"
site/payment-processing-san-diego-15.html,1,fragile,"low-internal-links thin-content"
site/ai-automation-del-mar-4.html,2,stable,"thin-content"
site/human-tech-help-san-diego-17.html,2,stable,"thin-content"
site/ai-automation-san-diego-6.html,2,stable,"thin-content"
site/using-ai-without-regret.html,4,strong,""
site/payment-processing-cardiff-by-the-sea-16.html,1,fragile,"low-internal-links thin-content"
site/retirement-decision-clarity.html,3,stable,"low-internal-links"
site/crypto-payments-encinitas-7.html,2,stable,"thin-content"
site/hvac-tech-help-cardiff-by-the-sea-15.html,2,stable,"thin-content"
site/ai-automation-cardiff-by-the-sea-2.html,2,stable,"thin-content"
site/crypto-payments-encinitas-19.html,2,stable,"thin-content"
site/payment-processing-encinitas-19.html,1,fragile,"low-internal-links thin-content"
site/divorce-major-decision-overload.html,3,stable,"low-internal-links"
site/ai-automation-cardiff-by-the-sea-5.html,2,stable,"thin-content"
site/human-tech-help-del-mar-15.html,2,stable,"thin-content"
site/microgrid-ai-planning-san-diego.html,4,strong,""
site/payment-processing-solana-beach-20.html,1,fragile,"low-internal-links thin-content"
site/life-transition-second-opinion.html,3,stable,"low-internal-links"
site/why-did-my-electric-bill-go-up-san-diego.html,3,stable,"low-internal-links"
site/energy-storage-decision-support-san-diego.html,4,strong,""
site/payment-processing-solana-beach-2.html,1,fragile,"low-internal-links thin-content"
site/human-tech-help-solana-beach-14.html,2,stable,"thin-content"
site/ai-automation-encinitas-6.html,2,stable,"thin-content"
site/crypto-payments-encinitas-16.html,2,stable,"thin-content"
site/hvac-tech-help-san-diego-7.html,2,stable,"thin-content"
site/crypto-payments-cardiff-by-the-sea-19.html,2,stable,"thin-content"
site/pages/operator-tech-help-san-diego-151.html,2,stable,"thin-content"
site/pages/tech-consulting-cardiff-100.html,1,fragile,"low-internal-links thin-content"
site/pages/hvac-payments-san-diego-209.html,2,stable,"thin-content"
site/pages/ai-tools-for-small-business-san-diego-122.html,2,stable,"thin-content"
site/pages/ai-consulting-san-diego-341.html,2,stable,"thin-content"
site/pages/small-business-ai-san-diego-494.html,2,stable,"thin-content"
site/pages/tech-consulting-solana-beach-497.html,1,fragile,"low-internal-links thin-content"
site/pages/operator-tech-help-san-diego-31.html,2,stable,"thin-content"
site/pages/stripe-alternatives-san-diego-227.html,1,fragile,"low-internal-links thin-content"
site/pages/tech-consulting-del-mar-59.html,1,fragile,"low-internal-links thin-content"
site/pages/human-tech-support-san-diego-112.html,1,fragile,"low-internal-links thin-content"
site/pages/organic-growth-san-diego.html,1,fragile,"low-internal-links thin-content"
site/pages/operator-tech-help-san-diego-351.html,2,stable,"thin-content"
site/pages/crypto-payments-san-diego-464.html,2,stable,"thin-content"
site/pages/hvac-payments-san-diego-89.html,2,stable,"thin-content"
site/pages/tech-consulting-solana-beach-337.html,1,fragile,"low-internal-links thin-content"
site/pages/payment-fee-reduction-san-diego-456.html,1,fragile,"low-internal-links thin-content"
site/pages/human-tech-support-san-diego-352.html,1,fragile,"low-internal-links thin-content"
site/pages/tech-consulting-cardiff-400.html,1,fragile,"low-internal-links thin-content"
site/pages/stripe-alternatives-san-diego-327.html,1,fragile,"low-internal-links thin-content"
site/pages/tech-consulting-cardiff-180.html,1,fragile,"low-internal-links thin-content"
site/pages/airbnb-payment-help-san-diego.html,2,stable,"thin-content"
site/pages/ai-tools-for-small-business-san-diego-262.html,2,stable,"thin-content"
site/pages/solana-payments-san-diego-185.html,2,stable,"thin-content"
site/pages/tech-consulting-del-mar-439.html,1,fragile,"low-internal-links thin-content"
site/pages/seo-for-contractors-san-diego-175.html,1,fragile,"low-internal-links thin-content"
site/pages/operator-tech-help-san-diego-111.html,2,stable,"thin-content"
site/pages/real-human-tech-help-san-diego.html,2,stable,"thin-content"
site/pages/ai-consulting-san-diego-281.html,2,stable,"thin-content"
site/pages/contractor-payment-processing-san-diego-228.html,1,fragile,"low-internal-links thin-content"
site/pages/what-to-do-next-business-san-diego.html,2,stable,"thin-content"
site/pages/crypto-payments-san-diego-424.html,2,stable,"thin-content"
site/pages/sideguy-help-san-diego.html,2,stable,"thin-content"
site/pages/vacation-rental-tech-san-diego-410.html,1,fragile,"low-internal-links thin-content"
site/pages/payment-fee-reduction-san-diego-236.html,1,fragile,"low-internal-links thin-content"
site/pages/field-service-payments-san-diego.html,2,stable,"thin-content"
site/pages/operator-tech-help-san-diego-371.html,2,stable,"thin-content"
site/pages/seo-for-contractors-san-diego-275.html,1,fragile,"low-internal-links thin-content"
site/pages/tech-consulting-cardiff-80.html,1,fragile,"low-internal-links thin-content"
site/pages/tech-consulting-cardiff-420.html,1,fragile,"low-internal-links thin-content"
site/pages/ai-consulting-san-diego-61.html,2,stable,"thin-content"
site/pages/crypto-payments-san-diego-304.html,2,stable,"thin-content"
site/pages/solana-payments-san-diego-405.html,2,stable,"thin-content"
site/pages/local-seo-help-san-diego-203.html,2,stable,"thin-content"
site/pages/payment-fee-reduction-san-diego.html,1,fragile,"low-internal-links thin-content"
site/pages/small-business-ai-san-diego-254.html,2,stable,"thin-content"
site/pages/tech-consulting-del-mar-339.html,1,fragile,"low-internal-links thin-content"
site/pages/local-business-help-san-diego.html,2,stable,"thin-content"
site/pages/tech-consulting-del-mar-279.html,1,fragile,"low-internal-links thin-content"
site/pages/tech-consulting-encinitas-358.html,1,fragile,"low-internal-links thin-content"
site/pages/human-tech-support-san-diego-332.html,1,fragile,"low-internal-links thin-content"
site/pages/solana-payments-san-diego-25.html,2,stable,"thin-content"
site/pages/payment-fee-reduction-san-diego-156.html,1,fragile,"low-internal-links thin-content"
site/pages/ai-tools-for-small-business-san-diego-422.html,2,stable,"thin-content"
site/pages/clarity-before-cost-san-diego.html,1,fragile,"low-internal-links thin-content"
site/pages/tech-consulting-cardiff-460.html,1,fragile,"low-internal-links thin-content"
site/pages/tech-consulting-cardiff-200.html,1,fragile,"low-internal-links thin-content"
site/pages/seo-for-contractors-san-diego-315.html,1,fragile,"low-internal-links thin-content"
site/pages/tech-consulting-solana-beach-477.html,1,fragile,"low-internal-links thin-content"
site/pages/business-automation-san-diego-133.html,2,stable,"thin-content"
site/pages/tech-consulting-cardiff-220.html,1,fragile,"low-internal-links thin-content"
site/pages/human-tech-support-san-diego-452.html,1,fragile,"low-internal-links thin-content"
site/pages/contractor-payment-processing-san-diego-88.html,1,fragile,"low-internal-links thin-content"
site/pages/contractor-payment-processing-san-diego-468.html,1,fragile,"low-internal-links thin-content"
site/pages/ai-automation-san-diego.html,2,stable,"thin-content"
site/pages/solana-payments-san-diego-5.html,2,stable,"thin-content"
site/pages/local-seo-help-san-diego-63.html,2,stable,"thin-content"
site/pages/stripe-alternative-san-diego.html,1,fragile,"low-internal-links thin-content"
site/pages/tech-consulting-del-mar-299.html,1,fragile,"low-internal-links thin-content"
site/pages/vacation-rental-tech-san-diego-190.html,1,fragile,"low-internal-links thin-content"
site/pages/hvac-payments-san-diego-489.html,2,stable,"thin-content"
site/pages/contractor-seo-help-san-diego.html,2,stable,"thin-content"
site/pages/operator-tech-help-san-diego-211.html,2,stable,"thin-content"
site/pages/local-seo-help-san-diego-3.html,2,stable,"thin-content"
site/pages/ai-tools-for-small-business-san-diego.html,2,stable,"thin-content"
site/pages/tech-consulting-cardiff-340.html,1,fragile,"low-internal-links thin-content"
site/pages/contractor-payment-processing-san-diego-488.html,1,fragile,"low-internal-links thin-content"
site/pages/realtor-payments-san-diego.html,2,stable,"thin-content"
site/pages/human-tech-support-san-diego-52.html,1,fragile,"low-internal-links thin-content"
site/pages/vacation-rental-tech-san-diego-330.html,1,fragile,"low-internal-links thin-content"
site/pages/seo-for-contractors-san-diego-195.html,1,fragile,"low-internal-links thin-content"
site/pages/seo-strategy-san-diego.html,1,fragile,"low-internal-links thin-content"
site/pages/ai-consulting-san-diego-421.html,2,stable,"thin-content"
site/pages/small-business-ai-san-diego-214.html,2,stable,"thin-content"
site/pages/tech-consulting-encinitas-258.html,1,fragile,"low-internal-links thin-content"
site/pages/solana-payments-san-diego-85.html,2,stable,"thin-content"
site/pages/tech-consulting-solana-beach-237.html,1,fragile,"low-internal-links thin-content"
site/pages/ai-consulting-san-diego-181.html,2,stable,"thin-content"
site/pages/instant-payment-processing-san-diego-446.html,1,fragile,"low-internal-links thin-content"
site/pages/tech-consulting-encinitas-138.html,1,fragile,"low-internal-links thin-content"
site/pages/real-estate-tech-help-san-diego.html,2,stable,"thin-content"
site/pages/hvac-payments-san-diego-449.html,2,stable,"thin-content"
site/pages/crypto-payments-san-diego-184.html,2,stable,"thin-content"
site/pages/ai-tools-for-small-business-san-diego-462.html,2,stable,"thin-content"
site/pages/small-business-ai-san-diego-194.html,2,stable,"thin-content"
site/pages/vacation-rental-tech-san-diego-150.html,1,fragile,"low-internal-links thin-content"
site/pages/stripe-alternatives-san-diego-167.html,1,fragile,"low-internal-links thin-content"
site/pages/ai-consulting-san-diego-161.html,2,stable,"thin-content"
site/pages/small-business-ai-san-diego-74.html,2,stable,"thin-content"
site/pages/contractor-payment-processing-san-diego-308.html,1,fragile,"low-internal-links thin-content"
site/pages/instant-payment-processing-san-diego-406.html,1,fragile,"low-internal-links thin-content"
site/pages/hvac-payments-san-diego-409.html,2,stable,"thin-content"
site/pages/instant-payment-processing-san-diego-266.html,1,fragile,"low-internal-links thin-content"
site/pages/stripe-alternatives-san-diego-347.html,1,fragile,"low-internal-links thin-content"
site/pages/vacation-rental-tech-san-diego-430.html,1,fragile,"low-internal-links thin-content"
site/pages/tech-consulting-solana-beach-257.html,1,fragile,"low-internal-links thin-content"
site/pages/instant-payment-processing-san-diego-246.html,1,fragile,"low-internal-links thin-content"
site/pages/seo-help-san-diego.html,2,stable,"thin-content"
site/pages/tech-consulting-del-mar-39.html,1,fragile,"low-internal-links thin-content"
site/pages/ai-tools-for-small-business-san-diego-162.html,2,stable,"thin-content"
site/pages/small-business-ai-san-diego-354.html,2,stable,"thin-content"
site/pages/human-tech-support-san-diego-472.html,1,fragile,"low-internal-links thin-content"
site/pages/tech-consulting-encinitas-18.html,1,fragile,"low-internal-links thin-content"
site/pages/business-automation-san-diego-213.html,2,stable,"thin-content"
site/pages/crypto-payments-san-diego-264.html,2,stable,"thin-content"
site/pages/crypto-payments-san-diego-144.html,2,stable,"thin-content"
site/pages/hvac-contractor-payments-san-diego.html,2,stable,"thin-content"
site/pages/tech-consulting-del-mar-379.html,1,fragile,"low-internal-links thin-content"
site/pages/instant-payment-processing-san-diego-186.html,1,fragile,"low-internal-links thin-content"
site/pages/solana-payments-san-diego-125.html,2,stable,"thin-content"
site/pages/small-business-tech-help-san-diego.html,2,stable,"thin-content"
site/pages/stripe-alternatives-san-diego-27.html,1,fragile,"low-internal-links thin-content"
site/pages/solana-payments-san-diego-465.html,2,stable,"thin-content"
site/pages/hvac-payments-san-diego-49.html,2,stable,"thin-content"
site/pages/solana-payments-san-diego-245.html,2,stable,"thin-content"
site/pages/tech-consulting-encinitas-318.html,1,fragile,"low-internal-links thin-content"
site/pages/business-automation-san-diego-493.html,2,stable,"thin-content"
site/pages/small-business-ai-san-diego-54.html,2,stable,"thin-content"
site/pages/tech-consulting-encinitas-78.html,1,fragile,"low-internal-links thin-content"
site/pages/tech-consulting-solana-beach-97.html,1,fragile,"low-internal-links thin-content"
site/pages/ai-tools-for-small-business-san-diego-2.html,2,stable,"thin-content"
site/pages/human-tech-support-san-diego-32.html,1,fragile,"low-internal-links thin-content"
site/pages/vacation-rental-tech-san-diego-350.html,1,fragile,"low-internal-links thin-content"
site/pages/vacation-rental-tech-san-diego-30.html,1,fragile,"low-internal-links thin-content"
site/pages/instant-payment-processing-san-diego-66.html,1,fragile,"low-internal-links thin-content"
site/pages/human-tech-support-san-diego-192.html,1,fragile,"low-internal-links thin-content"
site/pages/tech-consulting-solana-beach-457.html,1,fragile,"low-internal-links thin-content"
site/pages/business-automation-san-diego-13.html,2,stable,"thin-content"
site/pages/ai-consulting-san-diego-121.html,2,stable,"thin-content"
site/pages/tech-consulting-solana-beach-77.html,1,fragile,"low-internal-links thin-content"
site/pages/payment-fee-reduction-san-diego-16.html,1,fragile,"low-internal-links thin-content"
site/pages/human-tech-support-san-diego-152.html,1,fragile,"low-internal-links thin-content"
site/pages/tech-consulting-cardiff-280.html,1,fragile,"low-internal-links thin-content"
site/pages/real-estate-automation-san-diego.html,1,fragile,"low-internal-links thin-content"
site/pages/instant-payment-processing-san-diego-486.html,1,fragile,"low-internal-links thin-content"
site/pages/local-seo-help-san-diego-223.html,2,stable,"thin-content"
site/pages/payment-fee-reduction-san-diego-276.html,1,fragile,"low-internal-links thin-content"
site/pages/vacation-rental-tech-san-diego-450.html,1,fragile,"low-internal-links thin-content"
site/pages/no-sales-tech-help-san-diego.html,2,stable,"thin-content"
site/pages/property-manager-payments-san-diego.html,2,stable,"thin-content"
site/pages/seo-for-contractors-san-diego-155.html,1,fragile,"low-internal-links thin-content"
site/pages/tech-consulting-solana-beach-417.html,1,fragile,"low-internal-links thin-content"
site/pages/business-problem-solving-san-diego.html,2,stable,"thin-content"
site/pages/vacation-rental-tech-san-diego.html,1,fragile,"low-internal-links thin-content"
site/pages/tech-consulting-cardiff-240.html,1,fragile,"low-internal-links thin-content"
site/pages/tech-consulting-del-mar-179.html,1,fragile,"low-internal-links thin-content"
site/pages/tech-consulting-del-mar-139.html,1,fragile,"low-internal-links thin-content"
site/pages/ai-for-real-estate-san-diego.html,2,stable,"thin-content"
site/pages/business-automation-san-diego-293.html,2,stable,"thin-content"
site/pages/seo-for-contractors-san-diego.html,1,fragile,"low-internal-links thin-content"
site/pages/local-seo-help-san-diego-143.html,2,stable,"thin-content"
site/pages/seo-for-contractors-san-diego-55.html,1,fragile,"low-internal-links thin-content"
site/pages/local-seo-help-san-diego-423.html,2,stable,"thin-content"
site/pages/instant-payment-processing-san-diego-6.html,1,fragile,"low-internal-links thin-content"
site/pages/electrician-payments-san-diego.html,2,stable,"thin-content"
site/pages/talk-to-a-human-about-tech-san-diego.html,1,fragile,"low-internal-links thin-content"
site/pages/operator-command-center-san-diego.html,1,fragile,"low-internal-links thin-content"
site/pages/human-tech-support-san-diego-492.html,1,fragile,"low-internal-links thin-content"
site/pages/ai-consulting-san-diego-1.html,2,stable,"thin-content"
site/pages/tech-consulting-encinitas-498.html,1,fragile,"low-internal-links thin-content"
site/pages/ai-business-systems-san-diego.html,2,stable,"thin-content"
site/pages/tech-consulting-solana-beach-137.html,1,fragile,"low-internal-links thin-content"
site/pages/tech-consulting-solana-beach-177.html,1,fragile,"low-internal-links thin-content"
site/pages/tech-consulting-del-mar-99.html,1,fragile,"low-internal-links thin-content"
site/pages/instant-payment-processing-san-diego-106.html,1,fragile,"low-internal-links thin-content"
site/pages/contractor-payment-processing-san-diego-208.html,1,fragile,"low-internal-links thin-content"
site/pages/hvac-payments-san-diego-369.html,2,stable,"thin-content"
site/pages/ai-consulting-san-diego-441.html,2,stable,"thin-content"
site/pages/seo-for-contractors-san-diego-255.html,1,fragile,"low-internal-links thin-content"
site/pages/vacation-rental-tech-san-diego-170.html,1,fragile,"low-internal-links thin-content"
site/pages/ai-decision-support-san-diego.html,2,stable,"thin-content"
site/pages/small-business-ai-san-diego-94.html,2,stable,"thin-content"
site/pages/ai-tools-for-small-business-san-diego-222.html,2,stable,"thin-content"
site/pages/contractor-payment-processing-san-diego.html,1,fragile,"low-internal-links thin-content"
site/pages/ai-tools-for-small-business-san-diego-142.html,2,stable,"thin-content"
site/pages/stripe-alternatives-san-diego-367.html,1,fragile,"low-internal-links thin-content"
site/pages/local-seo-help-san-diego-83.html,2,stable,"thin-content"
site/pages/business-automation-san-diego-453.html,2,stable,"thin-content"
site/pages/tech-life-fix-san-diego.html,1,fragile,"low-internal-links thin-content"
site/pages/small-business-ai-san-diego-314.html,2,stable,"thin-content"
site/pages/solana-payments-san-diego-425.html,2,stable,"thin-content"
site/pages/instant-settlement-san-diego.html,1,fragile,"low-internal-links thin-content"
site/pages/payment-fee-reduction-san-diego-296.html,1,fragile,"low-internal-links thin-content"
site/pages/business-automation-san-diego-73.html,2,stable,"thin-content"
site/pages/tech-consulting-solana-beach-277.html,1,fragile,"low-internal-links thin-content"
site/pages/vacation-rental-tech-san-diego-490.html,1,fragile,"low-internal-links thin-content"
site/pages/ai-for-vacation-rentals-san-diego.html,2,stable,"thin-content"
site/pages/stripe-alternatives-san-diego-127.html,1,fragile,"low-internal-links thin-content"
site/pages/tech-consulting-encinitas-458.html,1,fragile,"low-internal-links thin-content"
site/pages/crypto-payments-san-diego-444.html,2,stable,"thin-content"
site/pages/tech-consulting-encinitas-38.html,1,fragile,"low-internal-links thin-content"
site/pages/vacation-rental-tech-san-diego-390.html,1,fragile,"low-internal-links thin-content"
site/pages/tech-clarity-before-cost-san-diego.html,1,fragile,"low-internal-links thin-content"
site/pages/stripe-alternatives-san-diego-87.html,1,fragile,"low-internal-links thin-content"
site/pages/tech-consulting-cardiff-40.html,1,fragile,"low-internal-links thin-content"
site/pages/tech-consulting-del-mar-19.html,1,fragile,"low-internal-links thin-content"
site/pages/stripe-alternatives-san-diego-387.html,1,fragile,"low-internal-links thin-content"
site/pages/ai-tools-for-small-business-san-diego-322.html,2,stable,"thin-content"
site/pages/real-person-tech-support-san-diego.html,1,fragile,"low-internal-links thin-content"
site/pages/tech-consulting-solana-beach-57.html,1,fragile,"low-internal-links thin-content"
site/pages/solana-payments-san-diego.html,2,stable,"thin-content"
site/pages/payment-fee-reduction-san-diego-436.html,1,fragile,"low-internal-links thin-content"
site/pages/contractor-payment-processing-san-diego-128.html,1,fragile,"low-internal-links thin-content"
site/pages/vacation-rental-tech-san-diego-90.html,1,fragile,"low-internal-links thin-content"
site/pages/ai-consulting-san-diego-461.html,2,stable,"thin-content"
site/pages/vacation-rental-tech-san-diego-110.html,1,fragile,"low-internal-links thin-content"
site/pages/payment-fee-reduction-san-diego-76.html,1,fragile,"low-internal-links thin-content"
site/pages/vacation-rental-tech-san-diego-130.html,1,fragile,"low-internal-links thin-content"
site/pages/small-business-ai-san-diego-454.html,2,stable,"thin-content"
site/pages/stripe-alternatives-san-diego-267.html,1,fragile,"low-internal-links thin-content"
site/pages/tech-consulting-cardiff-500.html,1,fragile,"low-internal-links thin-content"
site/pages/vacation-rental-tech-san-diego-310.html,1,fragile,"low-internal-links thin-content"
site/pages/ai-workflow-automation-san-diego.html,2,stable,"thin-content"
site/pages/chatgpt-business-help-san-diego.html,2,stable,"thin-content"
site/pages/tech-consulting-del-mar-79.html,1,fragile,"low-internal-links thin-content"
site/pages/tech-consulting-del-mar-119.html,1,fragile,"low-internal-links thin-content"
site/pages/local-seo-help-san-diego-183.html,2,stable,"thin-content"
site/pages/ai-workflows-san-diego.html,2,stable,"thin-content"
site/pages/ai-consulting-san-diego-321.html,2,stable,"thin-content"
site/pages/contractor-automation-san-diego.html,1,fragile,"low-internal-links thin-content"
site/pages/instant-payment-processing-san-diego-226.html,1,fragile,"low-internal-links thin-content"
site/pages/seo-for-contractors-san-diego-435.html,1,fragile,"low-internal-links thin-content"
site/pages/local-seo-help-san-diego-363.html,2,stable,"thin-content"
site/pages/hvac-payments-san-diego-329.html,2,stable,"thin-content"
site/pages/business-automation-san-diego-53.html,2,stable,"thin-content"
site/pages/instant-payment-processing-san-diego-26.html,1,fragile,"low-internal-links thin-content"
site/pages/ai-consulting-san-diego-81.html,2,stable,"thin-content"
site/pages/crypto-payments-san-diego-4.html,2,stable,"thin-content"
site/pages/ai-tools-for-small-business-san-diego-482.html,2,stable,"thin-content"
site/pages/small-business-ai-san-diego-414.html,2,stable,"thin-content"
site/pages/stripe-alternatives-san-diego-207.html,1,fragile,"low-internal-links thin-content"
site/pages/solana-payments-san-diego-145.html,2,stable,"thin-content"
site/pages/local-seo-help-san-diego-163.html,2,stable,"thin-content"
site/pages/tech-consulting-del-mar-479.html,1,fragile,"low-internal-links thin-content"
site/pages/business-automation-san-diego-113.html,2,stable,"thin-content"
site/pages/ai-consulting-san-diego.html,2,stable,"thin-content"
site/pages/local-seo-help-san-diego-303.html,2,stable,"thin-content"
site/pages/payment-fee-reduction-san-diego-36.html,1,fragile,"low-internal-links thin-content"
site/pages/stripe-alternatives-san-diego-247.html,1,fragile,"low-internal-links thin-content"
site/pages/seo-for-startups-san-diego.html,1,fragile,"low-internal-links thin-content"
site/pages/stripe-alternatives-san-diego-187.html,1,fragile,"low-internal-links thin-content"
site/pages/ai-tools-for-small-business-san-diego-442.html,2,stable,"thin-content"
site/pages/ai-consulting-san-diego-401.html,2,stable,"thin-content"
site/pages/ai-for-hvac-san-diego.html,2,stable,"thin-content"
site/pages/tech-consulting-cardiff-440.html,1,fragile,"low-internal-links thin-content"
site/pages/crypto-payments-san-diego-204.html,2,stable,"thin-content"
site/pages/vacation-rental-tech-san-diego-230.html,1,fragile,"low-internal-links thin-content"
site/pages/blockchain-payments-san-diego.html,2,stable,"thin-content"
site/pages/stripe-alternatives-san-diego-427.html,1,fragile,"low-internal-links thin-content"
site/pages/human-tech-support-san-diego-392.html,1,fragile,"low-internal-links thin-content"
site/pages/usdc-payments-san-diego.html,2,stable,"thin-content"
site/pages/crypto-payments-san-diego-164.html,2,stable,"thin-content"
site/pages/business-automation-san-diego-93.html,2,stable,"thin-content"
site/pages/contractor-payment-processing-san-diego-168.html,1,fragile,"low-internal-links thin-content"
site/pages/operator-tech-help-san-diego-451.html,2,stable,"thin-content"
site/pages/crypto-payments-san-diego-384.html,2,stable,"thin-content"
site/pages/tech-consulting-del-mar-239.html,1,fragile,"low-internal-links thin-content"
site/pages/tech-consulting-encinitas-398.html,1,fragile,"low-internal-links thin-content"
site/pages/tech-consulting-del-mar-159.html,1,fragile,"low-internal-links thin-content"
site/pages/local-seo-help-san-diego-343.html,2,stable,"thin-content"
site/pages/tech-consulting-cardiff-480.html,1,fragile,"low-internal-links thin-content"
site/pages/tech-consulting-del-mar-499.html,1,fragile,"low-internal-links thin-content"
site/pages/ai-tools-for-small-business-san-diego-82.html,2,stable,"thin-content"
site/pages/local-seo-help-san-diego.html,2,stable,"thin-content"
site/pages/payment-fee-reduction-san-diego-336.html,1,fragile,"low-internal-links thin-content"
site/pages/tech-consulting-del-mar-399.html,1,fragile,"low-internal-links thin-content"
site/pages/tech-consulting-encinitas-218.html,1,fragile,"low-internal-links thin-content"
site/pages/small-business-ai-san-diego-294.html,2,stable,"thin-content"
site/pages/solana-payments-san-diego-265.html,2,stable,"thin-content"
site/pages/tech-consulting-del-mar-359.html,1,fragile,"low-internal-links thin-content"
site/pages/crypto-payments-san-diego-244.html,2,stable,"thin-content"
site/pages/seo-for-contractors-san-diego-135.html,1,fragile,"low-internal-links thin-content"
site/pages/vacation-rental-payments-san-diego.html,2,stable,"thin-content"
site/pages/small-business-ai-san-diego-474.html,2,stable,"thin-content"
site/pages/operator-tech-help-san-diego-271.html,2,stable,"thin-content"
site/pages/small-business-ai-san-diego-434.html,2,stable,"thin-content"
site/pages/hvac-tech-help-san-diego.html,2,stable,"thin-content"
site/pages/local-seo-help-san-diego-463.html,2,stable,"thin-content"
site/pages/seo-for-contractors-san-diego-15.html,1,fragile,"low-internal-links thin-content"
site/pages/vacation-rental-tech-san-diego-70.html,1,fragile,"low-internal-links thin-content"
site/pages/local-seo-help-san-diego-483.html,2,stable,"thin-content"
site/pages/solana-payments-san-diego-485.html,2,stable,"thin-content"
site/pages/vacation-rental-tech-san-diego-50.html,1,fragile,"low-internal-links thin-content"
site/pages/ai-tools-for-small-business-san-diego-202.html,2,stable,"thin-content"
site/pages/payment-fee-reduction-san-diego-256.html,1,fragile,"low-internal-links thin-content"
site/pages/home-services-tech-help-san-diego.html,2,stable,"thin-content"
site/pages/solana-payments-san-diego-285.html,2,stable,"thin-content"
site/pages/seo-for-contractors-san-diego-395.html,1,fragile,"low-internal-links thin-content"
site/pages/stripe-alternatives-san-diego-47.html,1,fragile,"low-internal-links thin-content"
site/pages/human-tech-support-san-diego-132.html,1,fragile,"low-internal-links thin-content"
site/pages/seo-for-contractors-san-diego-215.html,1,fragile,"low-internal-links thin-content"
site/pages/instant-payment-settlement-san-diego.html,1,fragile,"low-internal-links thin-content"
site/pages/contractor-payment-processing-san-diego-8.html,1,fragile,"low-internal-links thin-content"
site/pages/business-automation-san-diego-173.html,2,stable,"thin-content"
site/pages/small-business-ai-san-diego-114.html,2,stable,"thin-content"
site/pages/ai-consulting-san-diego-481.html,2,stable,"thin-content"
site/pages/website-indexing-help-san-diego.html,2,stable,"thin-content"
site/pages/operator-tech-help-san-diego-411.html,2,stable,"thin-content"
site/pages/payment-fee-reduction-san-diego-216.html,1,fragile,"low-internal-links thin-content"
site/pages/ai-consulting-san-diego-381.html,2,stable,"thin-content"
site/pages/business-automation-san-diego-253.html,2,stable,"thin-content"
site/pages/instant-payment-processing-san-diego-146.html,1,fragile,"low-internal-links thin-content"
site/pages/real-time-payments-san-diego.html,2,stable,"thin-content"
site/pages/business-automation-san-diego-473.html,2,stable,"thin-content"
site/pages/instant-payment-processing-san-diego-286.html,1,fragile,"low-internal-links thin-content"
site/pages/ai-tools-for-small-business-san-diego-182.html,2,stable,"thin-content"
site/pages/contractor-software-help-san-diego.html,2,stable,"thin-content"
site/pages/small-business-ai-san-diego-134.html,2,stable,"thin-content"
site/pages/operator-tech-help-san-diego-91.html,2,stable,"thin-content"
site/pages/tech-consulting-del-mar-319.html,1,fragile,"low-internal-links thin-content"
site/pages/vacation-rental-tech-san-diego-470.html,1,fragile,"low-internal-links thin-content"
site/pages/small-business-ai-san-diego-154.html,2,stable,"thin-content"
site/pages/small-business-ai-san-diego-394.html,2,stable,"thin-content"
site/pages/solana-payments-san-diego-325.html,2,stable,"thin-content"
site/pages/local-seo-help-san-diego-263.html,2,stable,"thin-content"
site/pages/stripe-alternatives-san-diego-467.html,1,fragile,"low-internal-links thin-content"
site/pages/tech-consulting-solana-beach-377.html,1,fragile,"low-internal-links thin-content"
site/pages/stripe-alternatives-san-diego-287.html,1,fragile,"low-internal-links thin-content"
site/pages/ai-tools-for-small-business-san-diego-22.html,2,stable,"thin-content"
site/pages/hvac-payments-san-diego-429.html,2,stable,"thin-content"
site/pages/tech-consulting-del-mar-259.html,1,fragile,"low-internal-links thin-content"
site/pages/contractor-payment-processing-san-diego-248.html,1,fragile,"low-internal-links thin-content"
site/pages/hvac-payments-san-diego-69.html,2,stable,"thin-content"
site/pages/human-tech-support-san-diego-252.html,1,fragile,"low-internal-links thin-content"
site/pages/property-software-help-san-diego.html,2,stable,"thin-content"
site/pages/seo-for-contractors-san-diego-295.html,1,fragile,"low-internal-links thin-content"
site/pages/ai-tools-for-small-business-san-diego-382.html,2,stable,"thin-content"
site/pages/tech-consulting-solana-beach-197.html,1,fragile,"low-internal-links thin-content"
site/pages/ai-tools-for-small-business-san-diego-62.html,2,stable,"thin-content"
site/pages/solana-payments-san-diego-205.html,2,stable,"thin-content"
site/pages/seo-for-contractors-san-diego-75.html,1,fragile,"low-internal-links thin-content"
site/pages/tech-consulting-cardiff-380.html,1,fragile,"low-internal-links thin-content"
site/pages/human-tech-support-san-diego-292.html,1,fragile,"low-internal-links thin-content"
site/pages/local-seo-help-san-diego-443.html,2,stable,"thin-content"
site/pages/human-tech-support-san-diego-92.html,1,fragile,"low-internal-links thin-content"
site/pages/tech-consulting-solana-beach-37.html,1,fragile,"low-internal-links thin-content"
site/pages/operator-tech-help-san-diego-131.html,2,stable,"thin-content"
site/pages/tech-consulting-encinitas-378.html,1,fragile,"low-internal-links thin-content"
site/pages/small-business-ai-san-diego-374.html,2,stable,"thin-content"
site/pages/tech-consulting-cardiff-300.html,1,fragile,"low-internal-links thin-content"
site/pages/vacation-rental-tech-san-diego-270.html,1,fragile,"low-internal-links thin-content"
site/pages/short-term-rental-tech-san-diego.html,1,fragile,"low-internal-links thin-content"
site/pages/tech-consulting-del-mar-459.html,1,fragile,"low-internal-links thin-content"
site/pages/human-tech-support-san-diego-432.html,1,fragile,"low-internal-links thin-content"
site/pages/business-automation-san-diego-333.html,2,stable,"thin-content"
site/pages/solana-pay-san-diego.html,1,fragile,"low-internal-links thin-content"
site/pages/ai-tools-for-small-business-san-diego-242.html,2,stable,"thin-content"
site/pages/sideguy-command-center.html,1,fragile,"low-internal-links thin-content"
site/pages/tech-consulting-encinitas-438.html,1,fragile,"low-internal-links thin-content"
site/pages/payment-fee-reduction-san-diego-176.html,1,fragile,"low-internal-links thin-content"
site/pages/plumber-payments-san-diego.html,2,stable,"thin-content"
site/pages/crypto-payments-san-diego-364.html,2,stable,"thin-content"
site/pages/payment-fee-reduction-san-diego-396.html,1,fragile,"low-internal-links thin-content"
site/pages/seo-for-contractors-san-diego-375.html,1,fragile,"low-internal-links thin-content"
site/pages/hvac-payments-san-diego-389.html,2,stable,"thin-content"
site/pages/small-business-ai-san-diego-14.html,2,stable,"thin-content"
site/pages/business-automation-san-diego-313.html,2,stable,"thin-content"
site/pages/seo-for-small-business-san-diego.html,2,stable,"thin-content"
site/pages/instant-payment-processing-san-diego-306.html,1,fragile,"low-internal-links thin-content"
site/pages/ai-tools-for-small-business-san-diego-102.html,2,stable,"thin-content"
site/pages/google-indexing-help-san-diego.html,2,stable,"thin-content"
site/pages/stripe-alternatives-san-diego-487.html,1,fragile,"low-internal-links thin-content"
site/pages/business-automation-san-diego-353.html,2,stable,"thin-content"
site/pages/operator-tech-help-san-diego-431.html,2,stable,"thin-content"
site/pages/instant-payment-processing-san-diego-346.html,1,fragile,"low-internal-links thin-content"
site/pages/tech-consulting-cardiff-360.html,1,fragile,"low-internal-links thin-content"
site/pages/hvac-payments-san-diego-469.html,2,stable,"thin-content"
site/pages/operator-tech-help-san-diego-51.html,2,stable,"thin-content"
site/pages/human-tech-support-san-diego-312.html,1,fragile,"low-internal-links thin-content"
site/pages/instant-payment-processing-san-diego-86.html,1,fragile,"low-internal-links thin-content"
site/pages/local-seo-help-san-diego-283.html,2,stable,"thin-content"
site/pages/tech-consulting-solana-beach-437.html,1,fragile,"low-internal-links thin-content"
site/pages/human-tech-support-san-diego-72.html,1,fragile,"low-internal-links thin-content"
site/pages/human-first-tech-san-diego.html,1,fragile,"low-internal-links thin-content"
site/pages/business-automation-san-diego-33.html,2,stable,"thin-content"
site/pages/tech-consulting-cardiff-260.html,1,fragile,"low-internal-links thin-content"
site/pages/crypto-payments-san-diego-284.html,2,stable,"thin-content"
site/pages/solana-payments-san-diego-65.html,2,stable,"thin-content"
site/pages/hvac-payments-san-diego-269.html,2,stable,"thin-content"
site/pages/operator-tech-help-san-diego-311.html,2,stable,"thin-content"
site/pages/solana-payments-san-diego-45.html,2,stable,"thin-content"
site/pages/contractor-payment-processing-san-diego-68.html,1,fragile,"low-internal-links thin-content"
site/pages/payment-fee-reduction-san-diego-196.html,1,fragile,"low-internal-links thin-content"
site/pages/stripe-alternatives-san-diego-307.html,1,fragile,"low-internal-links thin-content"
site/pages/contractor-payment-processing-san-diego-328.html,1,fragile,"low-internal-links thin-content"
site/pages/operator-tech-help-san-diego-391.html,2,stable,"thin-content"
site/pages/tech-consulting-solana-beach-217.html,1,fragile,"low-internal-links thin-content"
site/pages/stripe-alternatives-san-diego-147.html,1,fragile,"low-internal-links thin-content"
site/pages/vacation-rental-tech-san-diego-290.html,1,fragile,"low-internal-links thin-content"
site/pages/operator-tech-help-san-diego-171.html,2,stable,"thin-content"
site/pages/operator-tech-help-san-diego-191.html,2,stable,"thin-content"
site/pages/local-seo-help-san-diego-323.html,2,stable,"thin-content"
site/pages/tech-consulting-encinitas-198.html,1,fragile,"low-internal-links thin-content"
site/pages/human-tech-support-san-diego-232.html,1,fragile,"low-internal-links thin-content"
site/pages/seo-for-contractors-san-diego-95.html,1,fragile,"low-internal-links thin-content"
site/pages/tech-consulting-cardiff-60.html,1,fragile,"low-internal-links thin-content"
site/pages/crypto-payments-san-diego-44.html,2,stable,"thin-content"
site/pages/ai-consulting-san-diego-361.html,2,stable,"thin-content"
site/pages/stripe-alternatives-san-diego-107.html,1,fragile,"low-internal-links thin-content"
site/pages/crypto-payments-san-diego.html,2,stable,"thin-content"
site/pages/stuck-business-help-san-diego.html,2,stable,"thin-content"
site/pages/solana-payments-san-diego-385.html,2,stable,"thin-content"
site/pages/payment-fee-reduction-san-diego-116.html,1,fragile,"low-internal-links thin-content"
site/pages/solana-payments-san-diego-105.html,2,stable,"thin-content"
site/pages/seo-for-contractors-san-diego-455.html,1,fragile,"low-internal-links thin-content"
site/pages/tech-consulting-solana-beach-357.html,1,fragile,"low-internal-links thin-content"
site/pages/business-automation-san-diego-193.html,2,stable,"thin-content"
site/pages/tech-consulting-encinitas-178.html,1,fragile,"low-internal-links thin-content"
site/pages/seo-for-contractors-san-diego-235.html,1,fragile,"low-internal-links thin-content"
site/pages/crypto-payments-san-diego-324.html,2,stable,"thin-content"
site/pages/human-tech-support-san-diego-412.html,1,fragile,"low-internal-links thin-content"
site/pages/payment-fee-reduction-san-diego-56.html,1,fragile,"low-internal-links thin-content"
site/pages/stripe-alternatives-san-diego-447.html,1,fragile,"low-internal-links thin-content"
site/pages/operator-tech-help-san-diego-331.html,2,stable,"thin-content"
site/pages/local-seo-help-san-diego-23.html,2,stable,"thin-content"
site/pages/tech-consulting-solana-beach-157.html,1,fragile,"low-internal-links thin-content"
site/pages/contractor-payment-processing-san-diego-348.html,1,fragile,"low-internal-links thin-content"
site/pages/human-tech-support-san-diego-12.html,1,fragile,"low-internal-links thin-content"
site/pages/stripe-alternatives-san-diego-407.html,1,fragile,"low-internal-links thin-content"
site/pages/seo-for-contractors-san-diego-335.html,1,fragile,"low-internal-links thin-content"
site/pages/crypto-payments-san-diego-64.html,2,stable,"thin-content"
site/pages/local-seo-help-san-diego-43.html,2,stable,"thin-content"
site/pages/instant-payment-processing-san-diego-206.html,1,fragile,"low-internal-links thin-content"
site/pages/ai-tools-for-small-business-san-diego-302.html,2,stable,"thin-content"
site/pages/contractor-payment-processing-san-diego-48.html,1,fragile,"low-internal-links thin-content"
site/pages/small-business-ai-san-diego-274.html,2,stable,"thin-content"
site/pages/hvac-payments-san-diego-149.html,2,stable,"thin-content"
site/pages/tech-consulting-encinitas-58.html,1,fragile,"low-internal-links thin-content"
site/pages/ai-consulting-san-diego-241.html,2,stable,"thin-content"
site/pages/instant-payment-processing-san-diego-466.html,1,fragile,"low-internal-links thin-content"
site/pages/human-tech-help-san-diego.html,2,stable,"thin-content"
site/pages/hvac-payments-san-diego-249.html,2,stable,"thin-content"
site/pages/business-automation-san-diego-393.html,2,stable,"thin-content"
site/pages/operator-help-san-diego.html,2,stable,"thin-content"
site/pages/instant-payment-processing-san-diego-46.html,1,fragile,"low-internal-links thin-content"
site/pages/tech-consulting-encinitas-478.html,1,fragile,"low-internal-links thin-content"
site/pages/payment-fee-reduction-san-diego-136.html,1,fragile,"low-internal-links thin-content"
site/pages/local-seo-help-san-diego-123.html,2,stable,"thin-content"
site/pages/human-tech-support-san-diego-372.html,1,fragile,"low-internal-links thin-content"
site/pages/vacation-rental-tech-san-diego-370.html,1,fragile,"low-internal-links thin-content"
site/pages/operator-tech-help-san-diego-291.html,2,stable,"thin-content"
site/pages/ai-for-contractors-san-diego.html,2,stable,"thin-content"
site/pages/ai-consulting-san-diego-101.html,2,stable,"thin-content"
site/pages/instant-payment-processing-san-diego-386.html,1,fragile,"low-internal-links thin-content"
site/pages/tech-consulting-solana-beach-117.html,1,fragile,"low-internal-links thin-content"
site/pages/stripe-alternatives-san-diego-7.html,1,fragile,"low-internal-links thin-content"
site/pages/small-business-ai-san-diego-234.html,2,stable,"thin-content"
site/pages/small-business-ai-san-diego-334.html,2,stable,"thin-content"
site/pages/tech-consulting-encinitas-158.html,1,fragile,"low-internal-links thin-content"
site/pages/property-manager-payment-systems-san-diego.html,1,fragile,"low-internal-links thin-content"
site/pages/solana-payments-san-diego-345.html,2,stable,"thin-content"
site/pages/tech-consulting-encinitas-98.html,1,fragile,"low-internal-links thin-content"
site/pages/tech-consulting-encinitas-278.html,1,fragile,"low-internal-links thin-content"
site/pages/crypto-payments-san-diego-124.html,2,stable,"thin-content"
site/pages/contractor-payment-processing-san-diego-108.html,1,fragile,"low-internal-links thin-content"
site/pages/instant-payment-processing-san-diego-426.html,1,fragile,"low-internal-links thin-content"
site/pages/search-visibility-help-san-diego.html,2,stable,"thin-content"
site/pages/solana-payments-san-diego-305.html,2,stable,"thin-content"
site/pages/human-tech-support-san-diego-212.html,1,fragile,"low-internal-links thin-content"
site/pages/hvac-payments-san-diego-29.html,2,stable,"thin-content"
site/pages/vacation-rental-tech-san-diego-10.html,1,fragile,"low-internal-links thin-content"
site/pages/tech-consulting-cardiff-20.html,1,fragile,"low-internal-links thin-content"
site/pages/payment-fee-reduction-san-diego-476.html,1,fragile,"low-internal-links thin-content"
site/pages/local-seo-help-san-diego-243.html,2,stable,"thin-content"
site/pages/vacation-rental-tech-san-diego-250.html,1,fragile,"low-internal-links thin-content"
site/pages/contractor-payment-processing-san-diego-148.html,1,fragile,"low-internal-links thin-content"
site/pages/contractor-payment-processing-san-diego-368.html,1,fragile,"low-internal-links thin-content"
site/pages/tech-consulting-encinitas-298.html,1,fragile,"low-internal-links thin-content"
site/pages/business-automation-san-diego-153.html,2,stable,"thin-content"
site/pages/solana-payments-san-diego-225.html,2,stable,"thin-content"
site/pages/crypto-payments-san-diego-24.html,2,stable,"thin-content"
site/pages/contractor-payment-processing-san-diego-28.html,1,fragile,"low-internal-links thin-content"
site/pages/crypto-payments-san-diego-224.html,2,stable,"thin-content"
site/pages/tech-consulting-encinitas-118.html,1,fragile,"low-internal-links thin-content"
site/pages/low-fee-payment-processing-san-diego.html,1,fragile,"low-internal-links thin-content"
site/pages/ai-tools-for-small-business-san-diego-362.html,2,stable,"thin-content"
site/pages/payment-processing-san-diego.html,1,fragile,"low-internal-links thin-content"
site/pages/payment-fee-reduction-san-diego-416.html,1,fragile,"low-internal-links thin-content"
site/pages/tech-consulting-encinitas-338.html,1,fragile,"low-internal-links thin-content"
site/pages/tech-consulting-del-mar-199.html,1,fragile,"low-internal-links thin-content"
site/pages/seo-for-contractors-san-diego-35.html,1,fragile,"low-internal-links thin-content"
site/pages/payment-fee-reduction-san-diego-356.html,1,fragile,"low-internal-links thin-content"
site/pages/payment-fee-reduction-san-diego-316.html,1,fragile,"low-internal-links thin-content"
site/pages/hvac-payments-san-diego-109.html,2,stable,"thin-content"
site/pages/business-automation-san-diego-273.html,2,stable,"thin-content"
site/pages/ai-consulting-san-diego-301.html,2,stable,"thin-content"
site/pages/tech-consulting-cardiff-320.html,1,fragile,"low-internal-links thin-content"
site/pages/ai-tools-for-small-business-san-diego-42.html,2,stable,"thin-content"
site/pages/operator-tech-help-san-diego-491.html,2,stable,"thin-content"
site/pages/hvac-payments-san-diego-129.html,2,stable,"thin-content"
site/pages/operator-tech-help-san-diego-471.html,2,stable,"thin-content"
site/pages/hvac-payments-san-diego-309.html,2,stable,"thin-content"
site/pages/crypto-payments-san-diego-404.html,2,stable,"thin-content"
site/pages/ai-tools-for-small-business-san-diego-282.html,2,stable,"thin-content"
site/pages/crypto-payments-san-diego-484.html,2,stable,"thin-content"
site/pages/ai-tools-for-small-business-san-diego-402.html,2,stable,"thin-content"
site/pages/seo-for-contractors-san-diego-495.html,1,fragile,"low-internal-links thin-content"
site/pages/hvac-payments-san-diego-349.html,2,stable,"thin-content"
site/pages/ai-tools-for-small-business-san-diego-342.html,2,stable,"thin-content"
site/pages/vacation-rental-tech-san-diego-210.html,1,fragile,"low-internal-links thin-content"
site/pages/solana-payments-san-diego-445.html,2,stable,"thin-content"
site/pages/seo-for-contractors-san-diego-415.html,1,fragile,"low-internal-links thin-content"
site/pages/ai-consulting-san-diego-141.html,2,stable,"thin-content"
site/pages/hvac-payments-san-diego-169.html,2,stable,"thin-content"
site/pages/ai-consulting-san-diego-41.html,2,stable,"thin-content"
site/pages/operator-tech-help-san-diego-231.html,2,stable,"thin-content"
site/pages/human-tech-support-san-diego-272.html,1,fragile,"low-internal-links thin-content"
site/pages/operator-tech-help-san-diego-71.html,2,stable,"thin-content"
site/pages/solana-payments-san-diego-365.html,2,stable,"thin-content"
site/pages/tech-consulting-cardiff-160.html,1,fragile,"low-internal-links thin-content"
site/pages/ai-consulting-san-diego-201.html,2,stable,"thin-content"
site/pages/sideguy-solutions-san-diego.html,1,fragile,"low-internal-links thin-content"
site/pages/tech-consulting-solana-beach-317.html,1,fragile,"low-internal-links thin-content"
site/pages/solana-payments-san-diego-165.html,2,stable,"thin-content"
site/pages/contractor-payment-processing-san-diego-428.html,1,fragile,"low-internal-links thin-content"
site/pages/tech-consulting-del-mar-419.html,1,fragile,"low-internal-links thin-content"
site/pages/tech-consulting-encinitas-418.html,1,fragile,"low-internal-links thin-content"
site/pages/small-business-ai-san-diego-174.html,2,stable,"thin-content"
site/pages/tech-consulting-del-mar-219.html,1,fragile,"low-internal-links thin-content"
site/pages/contractor-payment-processing-san-diego-268.html,1,fragile,"low-internal-links thin-content"
site/pages/contractor-payment-processing-san-diego-408.html,1,fragile,"low-internal-links thin-content"
site/pages/ai-consulting-san-diego-221.html,2,stable,"thin-content"
site/pages/tech-consulting-solana-beach-297.html,1,fragile,"low-internal-links thin-content"
site/pages/operator-tech-help-san-diego-251.html,2,stable,"thin-content"
site/pages/business-systems-cleanup-san-diego.html,2,stable,"thin-content"
site/pages/business-automation-san-diego-433.html,2,stable,"thin-content"
site/pages/business-automation-san-diego-373.html,2,stable,"thin-content"
site/pages/ai-consulting-san-diego-21.html,2,stable,"thin-content"
site/pages/tech-consulting-solana-beach-397.html,1,fragile,"low-internal-links thin-content"
site/pages/seo-for-contractors-san-diego-355.html,1,fragile,"low-internal-links thin-content"
site/pages/hvac-payments-san-diego-189.html,2,stable,"thin-content"
site/pages/payment-fee-reduction-san-diego-496.html,1,fragile,"low-internal-links thin-content"
site/pages/contractor-payment-processing-san-diego-288.html,1,fragile,"low-internal-links thin-content"
site/pages/small-business-ai-san-diego-34.html,2,stable,"thin-content"
site/pages/contractor-payment-processing-san-diego-448.html,1,fragile,"low-internal-links thin-content"
site/pages/operator-tech-help-san-diego-11.html,2,stable,"thin-content"
site/pages/payment-fee-reduction-san-diego-96.html,1,fragile,"low-internal-links thin-content"
site/pages/stripe-alternatives-san-diego.html,1,fragile,"low-internal-links thin-content"
site/pages/contractor-payment-processing-san-diego-388.html,1,fragile,"low-internal-links thin-content"
site/pages/tech-consulting-cardiff-140.html,1,fragile,"low-internal-links thin-content"
site/pages/contractor-payment-processing-san-diego-188.html,1,fragile,"low-internal-links thin-content"
site/pages/crypto-payments-san-diego-84.html,2,stable,"thin-content"
site/pages/tech-consulting-cardiff-120.html,1,fragile,"low-internal-links thin-content"
site/pages/business-automation-san-diego-233.html,2,stable,"thin-content"
site/pages/local-contractor-growth-san-diego.html,2,stable,"thin-content"
site/pages/payment-fee-reduction-san-diego-376.html,1,fragile,"low-internal-links thin-content"
site/pages/hvac-payments-san-diego-229.html,2,stable,"thin-content"
site/pages/stripe-alternatives-san-diego-67.html,1,fragile,"low-internal-links thin-content"
site/pages/business-automation-san-diego-413.html,2,stable,"thin-content"
site/pages/instant-payment-processing-san-diego-326.html,1,fragile,"low-internal-links thin-content"
site/pages/hvac-payments-san-diego-9.html,2,stable,"thin-content"
site/pages/instant-payment-processing-san-diego-366.html,1,fragile,"low-internal-links thin-content"
site/pages/ai-consulting-san-diego-261.html,2,stable,"thin-content"
site/pages/tech-consulting-solana-beach-17.html,1,fragile,"low-internal-links thin-content"
site/pages/local-seo-help-san-diego-403.html,2,stable,"thin-content"
site/pages/human-tech-support-san-diego-172.html,1,fragile,"low-internal-links thin-content"
site/pages/crypto-payments-san-diego-344.html,2,stable,"thin-content"
site/pages/instant-payment-processing-san-diego-126.html,1,fragile,"low-internal-links thin-content"
site/pages/instant-payment-processing-san-diego-166.html,1,fragile,"low-internal-links thin-content"
site/pages/seo-for-contractors-san-diego-475.html,1,fragile,"low-internal-links thin-content"
site/pages/hvac-payments-san-diego-289.html,2,stable,"thin-content"
site/pages/seo-for-contractors-san-diego-115.html,1,fragile,"low-internal-links thin-content"
site/pages/tech-consulting-encinitas-238.html,1,fragile,"low-internal-links thin-content"
site/pages/crypto-payments-san-diego-104.html,2,stable,"thin-content"
site/pages/local-seo-help-san-diego-383.html,2,stable,"thin-content"
site/pages/local-seo-help-san-diego-103.html,2,stable,"thin-content"
site/crypto-payments-cardiff-by-the-sea-11.html,2,stable,"thin-content"
site/ai-automation-del-mar-1.html,2,stable,"thin-content"
site/ai-automation-san-diego-5.html,2,stable,"thin-content"
site/human-tech-help-solana-beach-11.html,2,stable,"thin-content"
site/hvac-tech-help-cardiff-by-the-sea-12.html,2,stable,"thin-content"
site/crypto-payments-cardiff-by-the-sea-3.html,2,stable,"thin-content"
site/human-tech-help-solana-beach-7.html,2,stable,"thin-content"
site/crypto-payments-san-diego-19.html,2,stable,"thin-content"
site/payment-processing-solana-beach-8.html,1,fragile,"low-internal-links thin-content"
site/ai-automation-encinitas-12.html,2,stable,"thin-content"
site/when-not-to-trust-ai-advice.html,4,strong,""
site/sdge-rate-analysis-ai-san-diego.html,4,strong,""
site/human-tech-help-encinitas-2.html,2,stable,"thin-content"
site/ai-clarity-vs-ai-confidence.html,4,strong,""
site/payment-processing-san-diego-7.html,1,fragile,"low-internal-links thin-content"
site/ai-automation-solana-beach-12.html,2,stable,"thin-content"
site/ai-automation-cardiff-by-the-sea-3.html,2,stable,"thin-content"
site/human-tech-help-solana-beach-17.html,2,stable,"thin-content"
site/ai-automation-san-diego-1.html,2,stable,"thin-content"
site/ai-automation-solana-beach-7.html,2,stable,"thin-content"
site/ai-automation-del-mar-18.html,2,stable,"thin-content"
site/ai-advice-vs-family-reality.html,4,strong,""
site/future-ev-grid-impact-san-diego.html,3,stable,"low-internal-links"
site/crypto-payments-del-mar-11.html,2,stable,"thin-content"
site/hvac-tech-help-solana-beach-10.html,2,stable,"thin-content"
site/human-tech-help-encinitas-4.html,2,stable,"thin-content"
site/hvac-tech-help-cardiff-by-the-sea-13.html,2,stable,"thin-content"
site/hvac-tech-help-san-diego-10.html,2,stable,"thin-content"
site/microgrid-decision-guide-san-diego.html,3,stable,"low-internal-links"
site/early-business-cost-decisions.html,4,strong,""
site/human-tech-help-del-mar-2.html,2,stable,"thin-content"
site/post-solar-bill-confusion-san-diego.html,3,stable,"low-internal-links"
site/energy-tech-future-san-diego.html,4,strong,""
site/hvac-tech-help-del-mar-1.html,2,stable,"thin-content"
site/seo-template.html,1,fragile,"low-internal-links thin-content"
site/ai-automation-del-mar-13.html,2,stable,"thin-content"
site/ai-energy-help-encinitas.html,4,strong,""
site/human-tech-help-solana-beach-6.html,2,stable,"thin-content"
site/human-tech-help-encinitas-12.html,2,stable,"thin-content"
site/hvac-tech-help-san-diego-12.html,2,stable,"thin-content"
site/ai-automation-del-mar-8.html,2,stable,"thin-content"
site/hvac-tech-help-solana-beach-7.html,2,stable,"thin-content"
site/future-electricity-costs-2035-san-diego.html,3,stable,"low-internal-links"
site/crypto-payments-cardiff-by-the-sea-6.html,2,stable,"thin-content"
site/payment-processing-del-mar-12.html,1,fragile,"low-internal-links thin-content"
site/crypto-payments-encinitas-15.html,2,stable,"thin-content"
site/hvac-tech-help-cardiff-by-the-sea-17.html,2,stable,"thin-content"
site/hvac-tech-help-encinitas-3.html,2,stable,"thin-content"
site/ev-home-charging-cost-analysis-san-diego.html,3,stable,"low-internal-links"
site/human-tech-help-solana-beach-12.html,2,stable,"thin-content"
site/payment-processing-solana-beach-18.html,1,fragile,"low-internal-links thin-content"
site/hvac-tech-help-solana-beach-8.html,2,stable,"thin-content"
site/payment-processing-solana-beach-3.html,1,fragile,"low-internal-links thin-content"
site/human-tech-help-del-mar-1.html,2,stable,"thin-content"
site/hvac-tech-help-solana-beach-20.html,2,stable,"thin-content"
site/ai-automation-san-diego-18.html,2,stable,"thin-content"
site/hvac-tech-help-encinitas-5.html,2,stable,"thin-content"
site/payment-processing-encinitas-5.html,1,fragile,"low-internal-links thin-content"
site/payment-processing-san-diego-18.html,1,fragile,"low-internal-links thin-content"
site/ai-explains-energy-policy-san-diego.html,4,strong,""
site/sdge-bill-explanation-ai-san-diego.html,4,strong,""
site/payment-processing-del-mar-13.html,1,fragile,"low-internal-links thin-content"
site/human-tech-help-solana-beach-2.html,2,stable,"thin-content"
site/hvac-tech-help-cardiff-by-the-sea-7.html,2,stable,"thin-content"
site/ai-automation-san-diego-13.html,2,stable,"thin-content"
site/hvac-tech-help-del-mar-15.html,2,stable,"thin-content"
site/hvac-tech-help-solana-beach-12.html,2,stable,"thin-content"
site/solar-battery-worth-it-ai-san-diego.html,4,strong,""
site/starting-a-business-decision-mistakes.html,4,strong,""
site/ai-cant-handle-divorce-context.html,4,strong,""
site/payment-processing-del-mar-6.html,1,fragile,"low-internal-links thin-content"
site/hvac-tech-help-cardiff-by-the-sea-5.html,2,stable,"thin-content"
site/ai-energy-cost-reduction-for-business-san-diego.html,4,strong,""
site/payment-processing-solana-beach-13.html,1,fragile,"low-internal-links thin-content"
site/hvac-tech-help-solana-beach-15.html,2,stable,"thin-content"
site/ai-automation-del-mar-17.html,2,stable,"thin-content"
site/crypto-payments-encinitas-3.html,2,stable,"thin-content"
site/payment-processing-solana-beach-10.html,1,fragile,"low-internal-links thin-content"
site/crypto-payments-cardiff-by-the-sea-12.html,2,stable,"thin-content"
site/why-ai-answers-break-down-locally.html,4,strong,""
site/hvac-tech-help-del-mar-19.html,2,stable,"thin-content"
site/crypto-payments-del-mar-14.html,2,stable,"thin-content"
site/crypto-payments-encinitas-1.html,2,stable,"thin-content"
site/energy-cost-risk-over-time-san-diego.html,4,strong,""
site/human-tech-help-encinitas-14.html,2,stable,"thin-content"
site/ai-for-ev-charging-costs-san-diego.html,4,strong,""
site/ai-automation-cardiff-by-the-sea-8.html,2,stable,"thin-content"
site/payment-processing-encinitas-17.html,1,fragile,"low-internal-links thin-content"
site/energy-and-cost-decisions-when-moving.html,4,strong,""
site/crypto-payments-del-mar-1.html,2,stable,"thin-content"
site/payment-processing-san-diego-4.html,1,fragile,"low-internal-links thin-content"
site/electricity-rate-risk-san-diego.html,3,stable,"low-internal-links"
site/ai-automation-del-mar-3.html,2,stable,"thin-content"
site/human-tech-help-san-diego-14.html,2,stable,"thin-content"
site/ai-automation-solana-beach-9.html,2,stable,"thin-content"
site/future-electricity-costs-2030-san-diego.html,3,stable,"low-internal-links"
site/human-tech-help-del-mar-7.html,2,stable,"thin-content"
site/energy-regulation-impact-analysis-san-diego.html,4,strong,""
site/ai-automation-encinitas-3.html,2,stable,"thin-content"
site/human-tech-help-san-diego-10.html,2,stable,"thin-content"
site/crypto-payments-solana-beach-18.html,2,stable,"thin-content"
site/payment-processing-del-mar-19.html,1,fragile,"low-internal-links thin-content"
site/payment-processing-encinitas-3.html,1,fragile,"low-internal-links thin-content"
site/hvac-tech-help-cardiff-by-the-sea-19.html,2,stable,"thin-content"
site/utility-pricing-explained-san-diego.html,4,strong,""
site/payment-processing-solana-beach-9.html,1,fragile,"low-internal-links thin-content"
site/human-tech-help-san-diego-9.html,2,stable,"thin-content"
site/crypto-payments-del-mar-4.html,2,stable,"thin-content"
site/human-tech-help-cardiff-by-the-sea-1.html,2,stable,"thin-content"
site/crypto-payments-del-mar-19.html,2,stable,"thin-content"
site/ai-automation-san-diego-9.html,2,stable,"thin-content"
site/sudden-electric-bill-spike-san-diego.html,3,stable,"low-internal-links"
site/human-tech-help-encinitas-3.html,2,stable,"thin-content"
site/hvac-tech-help-solana-beach-14.html,2,stable,"thin-content"
site/ai-automation-encinitas-18.html,2,stable,"thin-content"
site/hvac-tech-help-encinitas-12.html,2,stable,"thin-content"
site/hvac-tech-help-encinitas-1.html,2,stable,"thin-content"
site/crypto-payments-encinitas-5.html,2,stable,"thin-content"
site/payment-processing-san-diego-20.html,1,fragile,"low-internal-links thin-content"
site/energy-resilience-planning-san-diego.html,4,strong,""
site/human-tech-help-san-diego-5.html,2,stable,"thin-content"
site/crypto-payments-san-diego-6.html,2,stable,"thin-content"
site/ev-rate-plan-changes-san-diego.html,3,stable,"low-internal-links"
site/crypto-payments-del-mar-7.html,2,stable,"thin-content"
site/ai-automation-cardiff-by-the-sea-20.html,2,stable,"thin-content"
site/payment-processing-del-mar-8.html,1,fragile,"low-internal-links thin-content"
site/ai-automation-solana-beach-16.html,2,stable,"thin-content"
site/future-trust-index.html,1,fragile,"low-internal-links thin-content"
site/heat-pump-energy-costs-san-diego.html,4,strong,""
site/energy-cost-survival-guide-san-diego.html,4,strong,""
site/crypto-payments-cardiff-by-the-sea-9.html,2,stable,"thin-content"
site/ai-automation-cardiff-by-the-sea-1.html,2,stable,"thin-content"
site/payment-processing-san-diego-9.html,1,fragile,"low-internal-links thin-content"
site/payment-processing-encinitas-20.html,1,fragile,"low-internal-links thin-content"
site/ai-vs-reality-energy-decisions.html,4,strong,""
site/ai-mistakes-that-cost-money.html,4,strong,""
site/calm-energy-help-san-diego.html,4,strong,""
site/payment-processing-del-mar-14.html,1,fragile,"low-internal-links thin-content"
site/should-i-install-solar-now-san-diego.html,3,stable,"low-internal-links"
site/inheritance-big-decisions-what-not-to-do.html,3,stable,"low-internal-links"
site/crypto-payments-solana-beach-14.html,2,stable,"thin-content"
site/hvac-tech-help-san-diego-14.html,2,stable,"thin-content"
site/hvac-tech-help-cardiff-by-the-sea-4.html,2,stable,"thin-content"
site/hvac-tech-help-cardiff-by-the-sea-9.html,2,stable,"thin-content"
site/ai-energy-long-term-planning-san-diego.html,4,strong,""
site/payment-processing-cardiff-by-the-sea-7.html,1,fragile,"low-internal-links thin-content"
site/ai-automation-del-mar-7.html,2,stable,"thin-content"
site/payment-processing-del-mar-4.html,1,fragile,"low-internal-links thin-content"
site/hvac-tech-help-del-mar-16.html,2,stable,"thin-content"
site/payment-processing-cardiff-by-the-sea-2.html,1,fragile,"low-internal-links thin-content"
site/ai-automation-cardiff-by-the-sea-6.html,2,stable,"thin-content"
site/payment-processing-solana-beach-1.html,1,fragile,"low-internal-links thin-content"
site/human-tech-help-encinitas-8.html,2,stable,"thin-content"
site/human-tech-help-cardiff-by-the-sea-18.html,2,stable,"thin-content"
site/human-tech-help-encinitas-7.html,2,stable,"thin-content"
site/crypto-payments-san-diego-9.html,2,stable,"thin-content"
site/payment-processing-san-diego-17.html,1,fragile,"low-internal-links thin-content"
site/human-tech-help-encinitas-5.html,2,stable,"thin-content"
site/payment-processing-del-mar-7.html,1,fragile,"low-internal-links thin-content"
site/sideguy-one-screen.html,1,fragile,"low-internal-links thin-content"
site/hvac-tech-help-del-mar-11.html,2,stable,"thin-content"
site/human-tech-help-san-diego-4.html,2,stable,"thin-content"
site/ai-automation-del-mar-11.html,2,stable,"thin-content"
site/human-tech-help-encinitas-6.html,2,stable,"thin-content"
site/crypto-payments-san-diego-1.html,2,stable,"thin-content"
site/human-tech-help-cardiff-by-the-sea-7.html,2,stable,"thin-content"
site/crypto-payments-cardiff-by-the-sea-14.html,2,stable,"thin-content"
site/crypto-payments-encinitas-17.html,2,stable,"thin-content"
site/hvac-tech-help-san-diego-19.html,2,stable,"thin-content"
site/payment-processing-del-mar-15.html,1,fragile,"low-internal-links thin-content"
site/payment-processing-san-diego-11.html,1,fragile,"low-internal-links thin-content"
site/payment-processing-del-mar-10.html,1,fragile,"low-internal-links thin-content"
site/human-tech-help-encinitas-13.html,2,stable,"thin-content"
site/ai-vs-reality-new-parent-decisions.html,4,strong,""
site/ai-automation-solana-beach-18.html,2,stable,"thin-content"
site/electric-bill-too-high-san-diego.html,3,stable,"low-internal-links"
site/human-in-the-loop-ai-decisions.html,4,strong,""
site/human-tech-help-solana-beach-10.html,2,stable,"thin-content"
site/ai-energy-forecasting-san-diego.html,4,strong,""
site/hvac-tech-help-encinitas-9.html,2,stable,"thin-content"
site/signal-log.html,1,fragile,"low-internal-links thin-content"
site/hvac-tech-help-encinitas-14.html,2,stable,"thin-content"
site/hvac-tech-help-del-mar-4.html,2,stable,"thin-content"
site/human-tech-help-solana-beach-16.html,2,stable,"thin-content"
site/solar-second-opinion-san-diego.html,3,stable,"low-internal-links"
site/human-tech-help-solana-beach-20.html,2,stable,"thin-content"
site/hvac-tech-help-del-mar-10.html,2,stable,"thin-content"
site/ai-automation-solana-beach-11.html,2,stable,"thin-content"
site/human-tech-help-del-mar-6.html,2,stable,"thin-content"
site/time-of-use-rate-changes-san-diego.html,3,stable,"low-internal-links"
site/ai-automation-solana-beach-6.html,2,stable,"thin-content"
site/human-tech-help-solana-beach-3.html,2,stable,"thin-content"
site/crypto-payments-del-mar-12.html,2,stable,"thin-content"
site/payment-processing-encinitas-15.html,1,fragile,"low-internal-links thin-content"
site/outcomes.html,1,fragile,"low-internal-links thin-content"
site/crypto-payments-cardiff-by-the-sea-15.html,2,stable,"thin-content"
site/hvac-tech-help-cardiff-by-the-sea-10.html,2,stable,"thin-content"
site/payment-processing-solana-beach-7.html,1,fragile,"low-internal-links thin-content"
site/human-tech-help-del-mar-4.html,2,stable,"thin-content"
site/payment-processing-solana-beach-19.html,1,fragile,"low-internal-links thin-content"
site/ai-energy-vendor-comparison-san-diego.html,4,strong,""
site/managing-costs-after-inheritance.html,3,stable,"low-internal-links"
site/solar-regret-san-diego.html,3,stable,"low-internal-links"
site/ai-energy-help-cardiff-by-the-sea.html,4,strong,""
site/payment-processing-solana-beach-4.html,1,fragile,"low-internal-links thin-content"
site/human-tech-help-cardiff-by-the-sea-11.html,2,stable,"thin-content"
site/human-tech-help-del-mar-11.html,2,stable,"thin-content"
site/payment-processing-del-mar-5.html,1,fragile,"low-internal-links thin-content"
site/crypto-payments-cardiff-by-the-sea-13.html,2,stable,"thin-content"
site/crypto-payments-del-mar-6.html,2,stable,"thin-content"
site/payment-processing-san-diego-13.html,1,fragile,"low-internal-links thin-content"
site/hvac-tech-help-encinitas-6.html,2,stable,"thin-content"
site/ai-automation-san-diego-16.html,2,stable,"thin-content"
site/hvac-tech-help-cardiff-by-the-sea-8.html,2,stable,"thin-content"
site/ai-automation-del-mar-16.html,2,stable,"thin-content"
site/hvac-tech-help-san-diego-3.html,2,stable,"thin-content"
site/human-tech-help-solana-beach-5.html,2,stable,"thin-content"
site/solar-didnt-lower-my-bill-san-diego.html,3,stable,"low-internal-links"
site/payment-processing-solana-beach-11.html,1,fragile,"low-internal-links thin-content"
site/human-tech-help-solana-beach-1.html,2,stable,"thin-content"
site/energy-contract-review-ai-san-diego.html,4,strong,""
site/crypto-payments-san-diego-5.html,2,stable,"thin-content"
site/human-tech-help-san-diego-15.html,2,stable,"thin-content"
site/ai-automation-encinitas-15.html,2,stable,"thin-content"
site/how-sideguy-decides.html,1,fragile,"low-internal-links thin-content"
site/human-tech-help-cardiff-by-the-sea-19.html,2,stable,"thin-content"
site/ai-automation-san-diego-15.html,2,stable,"thin-content"
site/san-diego-edge-cases-ai-misses.html,4,strong,""
site/hvac-tech-help-san-diego-16.html,2,stable,"thin-content"
site/payment-processing-cardiff-by-the-sea-9.html,1,fragile,"low-internal-links thin-content"
site/payment-processing-cardiff-by-the-sea-17.html,1,fragile,"low-internal-links thin-content"
site/backup-power-decision-ai-san-diego.html,4,strong,""
site/hvac-tech-help-san-diego-9.html,2,stable,"thin-content"
site/index.html,3,stable,"thin-content"
site/hvac-tech-help-san-diego-20.html,2,stable,"thin-content"
site/human-tech-help-encinitas-16.html,2,stable,"thin-content"
site/crypto-payments-del-mar-18.html,2,stable,"thin-content"
site/human-tech-help-del-mar-5.html,2,stable,"thin-content"
site/crypto-payments-cardiff-by-the-sea-16.html,2,stable,"thin-content"
site/solar-customers-rate-changes-san-diego.html,3,stable,"low-internal-links"
site/future-electricity-costs-san-diego.html,3,stable,"low-internal-links"
site/human-tech-help-del-mar-14.html,2,stable,"thin-content"
site/payment-processing-encinitas-14.html,1,fragile,"low-internal-links thin-content"
site/payment-processing-cardiff-by-the-sea-19.html,1,fragile,"low-internal-links thin-content"
site/crypto-payments-cardiff-by-the-sea-18.html,2,stable,"thin-content"
site/ai-vs-reality-ticket-buying.html,4,strong,""
site/human-tech-help-cardiff-by-the-sea-3.html,2,stable,"thin-content"
site/crypto-payments-del-mar-15.html,2,stable,"thin-content"
site/ai-automation-del-mar-20.html,2,stable,"thin-content"
site/ai-automation-san-diego-4.html,2,stable,"thin-content"
site/hvac-tech-help-cardiff-by-the-sea-16.html,2,stable,"thin-content"
site/human-tech-help-encinitas-11.html,2,stable,"thin-content"
site/hvac-tech-help-cardiff-by-the-sea-18.html,2,stable,"thin-content"
site/ai-automation-san-diego-2.html,2,stable,"thin-content"
site/crypto-payments-del-mar-3.html,2,stable,"thin-content"
site/human-tech-help-del-mar-3.html,2,stable,"thin-content"
site/delivery-charges-explained-san-diego.html,4,strong,""
site/payment-processing-encinitas-7.html,1,fragile,"low-internal-links thin-content"
site/human-tech-help-encinitas-20.html,2,stable,"thin-content"
site/crypto-payments-san-diego-3.html,2,stable,"thin-content"
site/human-tech-help-san-diego-11.html,2,stable,"thin-content"
site/ai-automation-del-mar-10.html,2,stable,"thin-content"
site/payment-processing-cardiff-by-the-sea-11.html,1,fragile,"low-internal-links thin-content"
site/hvac-tech-help-encinitas-20.html,2,stable,"thin-content"
site/ai-automation-cardiff-by-the-sea-10.html,2,stable,"thin-content"
site/hvac-tech-help-solana-beach-6.html,2,stable,"thin-content"
site/smart-home-energy-ai-san-diego.html,4,strong,""
site/crypto-payments-san-diego-2.html,2,stable,"thin-content"
site/ai-for-options-not-answers.html,4,strong,""
site/payment-processing-cardiff-by-the-sea-12.html,1,fragile,"low-internal-links thin-content"
site/baseline-allowance-explained-san-diego.html,4,strong,""
site/human-tech-help-encinitas-9.html,2,stable,"thin-content"
site/ai-automation-encinitas-8.html,2,stable,"thin-content"
site/payment-processing-san-diego-1.html,1,fragile,"low-internal-links thin-content"
site/human-tech-help-san-diego-1.html,2,stable,"thin-content"
site/hvac-tech-help-encinitas-17.html,2,stable,"thin-content"
site/ai-vs-reality-solar-decisions.html,4,strong,""
site/payment-processing-encinitas-9.html,1,fragile,"low-internal-links thin-content"
site/crypto-payments-solana-beach-19.html,2,stable,"thin-content"
site/crypto-payments-solana-beach-20.html,2,stable,"thin-content"
site/ai-automation-del-mar-9.html,2,stable,"thin-content"
site/sideguy-manifesto.html,1,fragile,"low-internal-links thin-content"
site/what-sideguy-has-learned.html,1,fragile,"low-internal-links thin-content"
site/payment-processing-del-mar-11.html,1,fragile,"low-internal-links thin-content"
site/edge-ai-energy-efficiency-san-diego.html,4,strong,""
site/payment-processing-cardiff-by-the-sea-18.html,1,fragile,"low-internal-links thin-content"
site/ai-advice-vs-real-world-costs.html,4,strong,""
site/ai-automation-del-mar-15.html,2,stable,"thin-content"
site/crypto-payments-cardiff-by-the-sea-20.html,2,stable,"thin-content"
site/hvac-tech-help-encinitas-19.html,2,stable,"thin-content"
site/ai-automation-cardiff-by-the-sea-18.html,2,stable,"thin-content"
site/hvac-tech-help-san-diego-11.html,2,stable,"thin-content"
site/crypto-payments-encinitas-10.html,2,stable,"thin-content"
site/ai-automation-san-diego-19.html,2,stable,"thin-content"
site/ai-automation-san-diego-11.html,2,stable,"thin-content"
site/electricity-rate-changes-san-diego.html,3,stable,"low-internal-links"
site/human-tech-help-cardiff-by-the-sea-2.html,2,stable,"thin-content"
site/ai-confidence-vs-real-risk.html,4,strong,""
site/ai-automation-encinitas-17.html,2,stable,"thin-content"
site/human-tech-help-solana-beach-18.html,2,stable,"thin-content"
site/hvac-tech-help-del-mar-17.html,2,stable,"thin-content"
site/payment-processing-del-mar-3.html,1,fragile,"low-internal-links thin-content"
site/human-tech-help-san-diego-12.html,2,stable,"thin-content"
site/crypto-payments-cardiff-by-the-sea-1.html,2,stable,"thin-content"
site/human-tech-help-encinitas-19.html,2,stable,"thin-content"
site/crypto-payments-san-diego-13.html,2,stable,"thin-content"
site/restaurant-electricity-costs-san-diego.html,3,stable,"low-internal-links"
site/crypto-payments-del-mar-5.html,2,stable,"thin-content"
site/payment-processing-cardiff-by-the-sea-6.html,1,fragile,"low-internal-links thin-content"
site/payment-processing-solana-beach-12.html,1,fragile,"low-internal-links thin-content"
site/human-tech-help-cardiff-by-the-sea-8.html,2,stable,"thin-content"
site/energy-bill-clarity-before-action-san-diego.html,4,strong,""
site/payment-processing-del-mar-18.html,1,fragile,"low-internal-links thin-content"
site/hvac-tech-help-cardiff-by-the-sea-2.html,2,stable,"thin-content"
site/payment-processing-encinitas-4.html,1,fragile,"low-internal-links thin-content"
site/hvac-tech-help-encinitas-18.html,2,stable,"thin-content"
site/ai-automation-encinitas-14.html,2,stable,"thin-content"
site/small-business-utility-cost-increase-san-diego.html,4,strong,""
site/crypto-payments-san-diego-16.html,2,stable,"thin-content"
site/payment-processing-encinitas-18.html,1,fragile,"low-internal-links thin-content"
site/ai-automation-del-mar-14.html,2,stable,"thin-content"
site/crypto-payments-solana-beach-9.html,2,stable,"thin-content"
site/net-metering-changes-explained-san-diego.html,4,strong,""
site/human-tech-help-cardiff-by-the-sea-12.html,2,stable,"thin-content"
site/hvac-tech-help-san-diego-1.html,2,stable,"thin-content"
site/payment-processing-encinitas-1.html,1,fragile,"low-internal-links thin-content"
site/payment-processing-del-mar-16.html,1,fragile,"low-internal-links thin-content"
site/hvac-tech-help-cardiff-by-the-sea-20.html,2,stable,"thin-content"
site/generation-vs-delivery-costs-san-diego.html,3,stable,"low-internal-links"
site/ai-vs-human-judgment-decisions.html,4,strong,""
site/payment-processing-cardiff-by-the-sea-13.html,1,fragile,"low-internal-links thin-content"
site/human-tech-help-del-mar-10.html,2,stable,"thin-content"
site/ai-automation-encinitas-13.html,2,stable,"thin-content"
site/crypto-payments-san-diego-7.html,2,stable,"thin-content"
