timestamp_utc	feed	id	title	seed
2026-03-05T21:21:11+00:00	https://news.ycombinator.com/rss	7afbd22971f1	Wikipedia in read-only mode following mass admin account compromise	wikipedia in read-only mode following mass admin account compromise
2026-03-05T21:21:11+00:00	https://news.ycombinator.com/rss	4aa1fe928f2f	The Brand Age	the brand age
2026-03-05T21:21:11+00:00	https://news.ycombinator.com/rss	83b131d74391	Pentagon Formally Labels Anthropic Supply-Chain Risk	pentagon formally labels anthropic supply-chain risk
2026-03-05T21:21:11+00:00	https://news.ycombinator.com/rss	6a997b1a7b3a	Let's Get Physical	let s get physical
2026-03-05T21:21:11+00:00	https://news.ycombinator.com/rss	7e966273fd16	Hardware hotplug events on Linux, the gory details	hardware hotplug events on linux the gory details
2026-03-05T21:21:11+00:00	https://news.ycombinator.com/rss	724b9912bd81	Structured AI (YC F25) Is Hiring	structured ai yc f25 is hiring
2026-03-05T21:21:11+00:00	https://news.ycombinator.com/rss	291e95b17413	Good software knows when to stop	good software knows when to stop
2026-03-05T21:21:11+00:00	https://news.ycombinator.com/rss	37f2026b7c1d	A GitHub Issue Title Compromised 4k Developer Machines	a github issue title compromised 4k developer machines
2026-03-05T21:21:11+00:00	https://news.ycombinator.com/rss	ce824eea11fe	Show HN: Jido 2.0, Elixir Agent Framework	show hn jido 2 0 elixir agent framework
2026-03-05T21:21:11+00:00	https://news.ycombinator.com/rss	1c8cb02129b5	Launch HN: Vela (YC W26) – AI for complex scheduling	launch hn vela yc w26 ai for complex scheduling
2026-03-05T21:21:11+00:00	https://news.ycombinator.com/rss	e7595f6f47b4	Remotely unlocking an encrypted hard disk	remotely unlocking an encrypted hard disk
2026-03-05T21:21:11+00:00	https://news.ycombinator.com/rss	f337d7e7152e	A ternary plot of citrus geneology	a ternary plot of citrus geneology
2026-03-05T21:21:11+00:00	https://news.ycombinator.com/rss	72552fd38995	Optimizing Recommendation Systems with JDK's Vector API	optimizing recommendation systems with jdk s vector api
2026-03-05T21:21:11+00:00	https://news.ycombinator.com/rss	3c91cf23ff1a	The Government Uses Targeted Advertising to Track Your Location	the government uses targeted advertising to track your location
2026-03-05T21:21:11+00:00	https://news.ycombinator.com/rss	cd8e4f8f982e	OpenTitan Shipping in Production	opentitan shipping in production
2026-03-05T21:21:11+00:00	https://news.ycombinator.com/rss	90b8041b98d9	Datasets for Reconstructing Visual Perception from Brain Data	datasets for reconstructing visual perception from brain data
2026-03-05T21:21:11+00:00	https://news.ycombinator.com/rss	d8866a504501	Nvidia PersonaPlex 7B on Apple Silicon: Full-Duplex Speech-to-Speech in Swift	nvidia personaplex 7b on apple silicon full-duplex speech-to-speech in swift
2026-03-05T21:21:11+00:00	https://news.ycombinator.com/rss	17624efad13e	Show HN: PageAgent, A GUI agent that lives inside your web app	show hn pageagent a gui agent that lives inside your web app
2026-03-05T21:21:11+00:00	https://news.ycombinator.com/rss	18d5d74e6cc5	Google Workspace CLI	google workspace cli
2026-03-05T21:21:12+00:00	https://www.reddit.com/r/smallbusiness/.rss	ce933085386f	Promote your business, week of March 2, 2026	promote your business week of march 2 2026
2026-03-05T21:21:12+00:00	https://www.reddit.com/r/smallbusiness/.rss	fb09b2f8fa12	In this post, share your small business experience, successes, failures, AMAS, and lessons learned, 2026	in this post share your small business experience successes failures amas and lessons learned 2026
2026-03-05T21:21:12+00:00	https://www.reddit.com/r/smallbusiness/.rss	021c629606e6	Hit my best week so far and needed to share it	hit my best week so far and needed to share it
2026-03-05T21:21:12+00:00	https://www.reddit.com/r/smallbusiness/.rss	b8f0d9eadc95	Suing a customer for around $14k in unpaid invoices, and they’re asking for a payment plan because they don’t have the money to pay all at once…any ideas what I can/should do?	suing a customer for around 14k in unpaid invoices and they re asking for a payment plan because they don t have the money to pay all at once any ideas what i can/should do
2026-03-05T21:21:12+00:00	https://www.reddit.com/r/smallbusiness/.rss	0ad7059d77f6	Landlord just casually called to tell me he's selling the building. 8 years at this location.	landlord just casually called to tell me he s selling the building 8 years at this location
2026-03-05T21:21:12+00:00	https://www.reddit.com/r/smallbusiness/.rss	1d995be03080	I screwed up by giving my primary employee a raise I'm not confident I can afford.	i screwed up by giving my primary employee a raise i m not confident i can afford
2026-03-05T21:21:12+00:00	https://www.reddit.com/r/smallbusiness/.rss	e55fc8c84b5a	What's working well for virtual try on jewellery and realistic previews of custom rings, necklaces without huge photo costs?	what s working well for virtual try on jewellery and realistic previews of custom rings necklaces without huge photo costs
2026-03-05T21:21:12+00:00	https://www.reddit.com/r/smallbusiness/.rss	7422a3c3753a	Thinking about starting a small lake shoreline weed/algae service. Looking for advice.	thinking about starting a small lake shoreline weed/algae service looking for
2026-03-05T21:21:12+00:00	https://www.reddit.com/r/smallbusiness/.rss	783346aede9e	Postage Meters: Do they make an impact on your finances?	postage meters do they make an impact on your finances
2026-03-05T21:21:12+00:00	https://www.reddit.com/r/smallbusiness/.rss	b1f017d70af0	How can we do better?🙏🏻	how can we do better
2026-03-05T21:21:12+00:00	https://www.reddit.com/r/smallbusiness/.rss	e43bdc88f1e0	What’s the biggest red flag you’ve seen in a business contract?	what s the biggest red flag you ve seen in a business contract
2026-03-05T21:21:12+00:00	https://www.reddit.com/r/smallbusiness/.rss	cf1b62c63b73	My payment processor banned me for no reason. What do you do?	my payment processor banned me for no reason what do you do
2026-03-05T21:21:12+00:00	https://www.reddit.com/r/smallbusiness/.rss	2ac6401adbf6	Got a business problem? Ask here. US/CA	got a business problem ask here us/ca
2026-03-05T21:21:12+00:00	https://www.reddit.com/r/smallbusiness/.rss	3c1ee8c0e439	My cousin's hair salon is getting absolutely wrecked by Google reviews and I don't know how to help her	my cousin s hair salon is getting absolutely wrecked by google reviews and i don t know how to her
2026-03-05T21:21:12+00:00	https://www.reddit.com/r/smallbusiness/.rss	ffab0f794d22	Funding Start Up Questions	funding start up questions
2026-03-05T21:21:12+00:00	https://www.reddit.com/r/smallbusiness/.rss	d678049d928c	School project start up	school project start up
2026-03-05T21:21:12+00:00	https://www.reddit.com/r/smallbusiness/.rss	7a3bc756e7ac	Should a niche business scale for a wider audience or double-down on targeting its base?	should a niche business scale for a wider audience or double-down on targeting its base
2026-03-05T21:21:12+00:00	https://www.reddit.com/r/smallbusiness/.rss	453f42c6a8c9	Facebook no longer accept card payment for high spenders	facebook no longer accept card payment for high spenders
2026-03-05T21:21:12+00:00	https://www.reddit.com/r/smallbusiness/.rss	f4c1833e43e5	Give me your most life changing marketing hack that worked for your small business	give me your most life changing marketing hack that worked for your small business
2026-03-05T21:21:12+00:00	https://www.reddit.com/r/smallbusiness/.rss	62baf9658f85	DactyLove	dactylove
2026-03-05T21:21:14+00:00	https://www.reddit.com/r/Entrepreneur/.rss	f9b980ba5ec2	🎙️ Episode 002: AMA Lorenzo Thione (Managing Director Gaingels) ) | /r/Entrepreneur Podcast	episode 002 ama lorenzo thione managing director gaingels /r/entrepreneur podcast
2026-03-05T21:21:14+00:00	https://www.reddit.com/r/Entrepreneur/.rss	d3308e062c65	Thank You Thursday! Free Offerings and More - March 05, 2026	thank you thursday free offerings and more - march 05 2026
2026-03-05T21:21:14+00:00	https://www.reddit.com/r/Entrepreneur/.rss	fcf6b0d61079	8 companies ate $73 billion. You’re still begging for scraps.	8 companies ate 73 billion you re still begging for scraps
2026-03-05T21:21:14+00:00	https://www.reddit.com/r/Entrepreneur/.rss	64a6d6f3677b	What's the best way to get clients through outreach?	what s the best way to get clients through outreach
2026-03-05T21:21:14+00:00	https://www.reddit.com/r/Entrepreneur/.rss	c03913191597	I Got Paid $25,000 To Build an AI Ad Duplication System	i got paid 25 000 to build an ai ad duplication system
2026-03-05T21:21:14+00:00	https://www.reddit.com/r/Entrepreneur/.rss	41d85342c715	What’s with the people who work in manufacturing (sales?)	what s with the people who work in manufacturing sales
2026-03-05T21:21:14+00:00	https://www.reddit.com/r/Entrepreneur/.rss	2a30fc095798	My dad lacks purpose - need advice	my dad lacks purpose - need
2026-03-05T21:21:14+00:00	https://www.reddit.com/r/Entrepreneur/.rss	4bcf31a36fa2	Most enterprise deals don’t fail in negotiation. They fail in the quiet phase before it.	most enterprise deals don t fail in negotiation they fail in the quiet phase before it
2026-03-05T21:21:14+00:00	https://www.reddit.com/r/Entrepreneur/.rss	9948b5ebf3da	Just made my first hardware device - all at home!	just made my first hardware device - all at home
2026-03-05T21:21:14+00:00	https://www.reddit.com/r/Entrepreneur/.rss	ee15959f9a7c	Lessons From $1,360,402.41 In Sales With $497,649.41 Ad Spend In February.	lessons from 1 360 402 41 in sales with 497 649 41 ad spend in february
2026-03-05T21:21:14+00:00	https://www.reddit.com/r/Entrepreneur/.rss	8694ee545b4b	Honest questions about self-serve TV ad platforms.	honest questions about self-serve tv ad platforms
2026-03-05T21:21:14+00:00	https://www.reddit.com/r/Entrepreneur/.rss	4fa12e6f913a	How should I find customers for a cooking/recipe app? (I will not promote)	how should i find customers for a cooking/recipe app i will not promote
2026-03-05T21:21:14+00:00	https://www.reddit.com/r/Entrepreneur/.rss	4f1361b85532	I built a lead gen tool after getting frustrated with how slow prospecting was	i built a lead gen tool after getting frustrated with how slow prospecting was
2026-03-05T21:21:14+00:00	https://www.reddit.com/r/Entrepreneur/.rss	aeafc858b4f1	My prototypes were adjusted with any notification. Is it normal?	my prototypes were adjusted with any notification is it normal
2026-03-05T21:21:14+00:00	https://www.reddit.com/r/Entrepreneur/.rss	7d5fcd8ed5f4	Shopify Clothing & Fashion Store with $152K Revenue Valuation & Potential Sale	shopify clothing fashion store with 152k revenue valuation potential sale
2026-03-05T21:21:14+00:00	https://www.reddit.com/r/Entrepreneur/.rss	638368c38cc0	I stopped promising results in my copy and started explaining why things fail response rate doubled	i stopped promising results in my copy and started explaining why things fail response rate doubled
2026-03-05T21:21:14+00:00	https://www.reddit.com/r/Entrepreneur/.rss	98affaf414c9	In how much time have you got your first 1/10/100 users / clients ?	in how much time have you got your first 1/10/100 users / clients
2026-03-05T21:21:14+00:00	https://www.reddit.com/r/Entrepreneur/.rss	f1f705198e05	How do you validate a business idea?	how do you validate a business idea
2026-03-05T21:21:14+00:00	https://www.reddit.com/r/Entrepreneur/.rss	9e845f2e9b02	Any Tips?	any tips
2026-03-05T21:21:14+00:00	https://www.reddit.com/r/Entrepreneur/.rss	ef74e70801e4	I'm trying to build a service nobody knows how to search for	i m trying to build a service nobody knows how to search for
2026-03-05T21:21:16+00:00	https://www.reddit.com/r/sysadmin/.rss	c3bcaa43e8ce	Thickheaded Thursday - March 05, 2026	thickheaded thursday - march 05 2026
2026-03-05T21:21:16+00:00	https://www.reddit.com/r/sysadmin/.rss	23693df2ad7d	Patch Tuesday Megathread (2026-02-10)	patch tuesday megathread 2026-02-10
2026-03-05T21:21:16+00:00	https://www.reddit.com/r/sysadmin/.rss	a96be3511366	Worst feeling in the world	worst feeling in the world
2026-03-05T21:21:16+00:00	https://www.reddit.com/r/sysadmin/.rss	115820b0b7d5	CVSS 10.0 auth bypass in pac4j-jwt - anyone here running pac4j in their stack?	cvss 10 0 auth bypass in pac4j-jwt - anyone here running pac4j in their stack
2026-03-05T21:21:16+00:00	https://www.reddit.com/r/sysadmin/.rss	7f721d6b61e3	What would you do? Production line PC “is slow” (Windows 98, legacy SCADA)	what would you do production line pc is slow windows 98 legacy scada
2026-03-05T21:21:16+00:00	https://www.reddit.com/r/sysadmin/.rss	06ee419bc808	Is anyone experiencing issues with AWS right now? (US East coast)	is anyone experiencing issues with aws right now us east coast
2026-03-05T21:21:16+00:00	https://www.reddit.com/r/sysadmin/.rss	64e14b7b46eb	If you're running Java services on AWS that use pac4j-jwt, new CVSS 10.0 auth bypass	if you re running java services on aws that use pac4j-jwt new cvss 10 0 auth bypass
2026-03-05T21:21:16+00:00	https://www.reddit.com/r/sysadmin/.rss	5d2970b11c9e	How will you handle SSL cert installation in the future?	how will you handle ssl cert installation in the future
2026-03-05T21:21:16+00:00	https://www.reddit.com/r/sysadmin/.rss	de11a74ab65b	ELI5: How is disabling file explorer previews an actual security improvement?	how is disabling file explorer previews an actual security improvement
2026-03-05T21:21:16+00:00	https://www.reddit.com/r/sysadmin/.rss	f79d5fb2dda8	What’s one thing every new sysadmin should learn early but usually doesn’t?	what s one thing every new sysadmin should learn early but usually doesn t
2026-03-05T21:21:16+00:00	https://www.reddit.com/r/sysadmin/.rss	357d8d6409ef	Small web design company ran its own Plesk servers with centralized DNS/MX, now everything is abandoned	small web design company ran its own plesk servers with centralized dns/mx now everything is abandoned
2026-03-05T21:21:16+00:00	https://www.reddit.com/r/sysadmin/.rss	2cebdfb3d289	Children, gather ye round and learn of the magic of modifier keys	children gather ye round and learn of the magic of modifier keys
2026-03-05T21:21:16+00:00	https://www.reddit.com/r/sysadmin/.rss	b6ad07e714a1	If ServiceNow is so painful to use, why do companies still choose it?	if servicenow is so painful to use why do companies still choose it
2026-03-05T21:21:16+00:00	https://www.reddit.com/r/sysadmin/.rss	79b94b8a8c0a	Read.ai is a cancer on society, a privacy and sysadmin's nightmare, and should be banished to the dustbins of history	read ai is a cancer on society a privacy and sysadmin s nightmare and should be banished to the dustbins of history
2026-03-05T21:21:16+00:00	https://www.reddit.com/r/sysadmin/.rss	cb225ea09e97	SMTP admins -- are you getting blocked by Microsoft ALL THE TIME?	smtp admins -- are you getting blocked by microsoft all the time
2026-03-05T21:21:16+00:00	https://www.reddit.com/r/sysadmin/.rss	8d129f8301a8	Assigning MAC addresses to Hyper-V VMs?	assigning mac addresses to hyper-v vms
2026-03-05T21:21:16+00:00	https://www.reddit.com/r/sysadmin/.rss	7fdca4b7d0c9	How to completely reject email based on conditions of one recipient	completely reject email based on conditions of one recipient
2026-03-05T21:21:16+00:00	https://www.reddit.com/r/sysadmin/.rss	615ec16a922c	Do you use captcha alternatives??	do you use captcha alternatives
2026-03-05T21:21:16+00:00	https://www.reddit.com/r/sysadmin/.rss	ff6a19782654	Staying as a contractor for previous employer? How do I do this properly.	staying as a contractor for previous employer how do i do this properly
2026-03-05T21:21:16+00:00	https://www.reddit.com/r/sysadmin/.rss	4739fdad4971	Proper email security training for the whole team. Almost got phished	proper email security training for the whole team almost got phished
2026-03-05T21:21:17+00:00	https://www.reddit.com/r/devops/.rss	55f0db0b22d9	Auto removal of posts from new accounts	auto removal of posts from new accounts
2026-03-05T21:21:17+00:00	https://www.reddit.com/r/devops/.rss	acc503e0499e	Migration UAE to Mumbai (ap-south)	migration uae to mumbai ap-south
2026-03-05T21:21:17+00:00	https://www.reddit.com/r/devops/.rss	67690d4565a3	What things do you do with Claude?	what things do you do with claude
2026-03-05T21:21:17+00:00	https://www.reddit.com/r/devops/.rss	d2b2e4e05cc5	Anyone use Terragrunt stacks	anyone use terragrunt stacks
2026-03-05T21:21:17+00:00	https://www.reddit.com/r/devops/.rss	2dea37548331	Advice on switching job in devops	on switching job in devops
2026-03-05T21:21:17+00:00	https://www.reddit.com/r/devops/.rss	1fd3b0f86382	2 Months to find devops role job, no success.	2 months to find devops role job no success
2026-03-05T21:21:17+00:00	https://www.reddit.com/r/devops/.rss	c227794335ce	DIY image hardening vs managed hardened images....Which actually scales for SMB?	diy image hardening vs managed hardened images which actually scales for smb
2026-03-05T21:21:17+00:00	https://www.reddit.com/r/devops/.rss	1596ff7e0ea5	Trivy (the container scanning tool) security incident 2026-03-01	trivy the container scanning tool security incident 2026-03-01
2026-03-05T21:21:17+00:00	https://www.reddit.com/r/devops/.rss	7699161ac4fa	I used Openclaw to spin up my own virtual DevOps team.	i used openclaw to spin up my own virtual devops team
2026-03-05T21:21:17+00:00	https://www.reddit.com/r/devops/.rss	6f250ca1e735	Fitting a 64 million password dictionary into AWS Lambda memory using mmap and Bloom filters (100% Terraform)	fitting a 64 million password dictionary into aws lambda memory using mmap and bloom filters 100 terraform
2026-03-05T21:21:17+00:00	https://www.reddit.com/r/devops/.rss	1cd5957509d8	Whatever happened to tech discussion!	whatever happened to tech discussion
2026-03-05T21:21:17+00:00	https://www.reddit.com/r/devops/.rss	f62a0a4925d3	Help - Please tell me if this is achievable (CAN)	- please tell me if this is achievable can
2026-03-05T21:21:17+00:00	https://www.reddit.com/r/devops/.rss	abf06b2a1c3a	do y'all actually listen to devops podcasts?	do y all actually listen to devops podcasts
2026-03-05T21:21:17+00:00	https://www.reddit.com/r/devops/.rss	03813f7b10bf	Amazon cloud suffers outage after ‘objects’ hit UAE data 💀	amazon cloud suffers outage after objects hit uae data
2026-03-05T21:21:17+00:00	https://www.reddit.com/r/devops/.rss	53c07bdc6d83	I built a free and open source service monitor that lives in your notch. Service Down? Your notch will tell you.	i built a free and open source service monitor that lives in your notch service down your notch will tell you
2026-03-05T21:21:17+00:00	https://www.reddit.com/r/devops/.rss	17b366ec4322	Integrating AI for DevOps and Best Practices you've found???	integrating ai for devops and best practices you ve found
2026-03-05T21:21:17+00:00	https://www.reddit.com/r/devops/.rss	361322ffd229	Haloy 4 months later: from first beta to v0.1.0 (almost there) - zero-downtime Docker deploys on your own servers	haloy 4 months later from first beta to v0 1 0 almost there - zero-downtime docker deploys on your own servers
2026-03-05T21:21:17+00:00	https://www.reddit.com/r/devops/.rss	6a55de23a7a5	hackerbot-claw: An AI-Powered Bot Actively Exploiting GitHub Actions - Microsoft, DataDog, and CNCF Projects Hit So Far	hackerbot-claw an ai-powered bot actively exploiting github actions - microsoft datadog and cncf projects hit so far
2026-03-05T21:21:17+00:00	https://www.reddit.com/r/devops/.rss	8327f9c2776e	Research ideas on Generative AI and expertise in tech (cloud as a case study) looking for thoughts	research ideas on generative ai and expertise in tech cloud as a case study looking for thoughts
2026-03-05T21:21:17+00:00	https://www.reddit.com/r/devops/.rss	76fac631efed	I'm not selling anything. Fix your GCR/GAR bucket config (versioning -> off -- requires cleanup)	i m not selling anything fix your gcr/gar bucket config versioning - off -- requires cleanup
2026-03-05T21:21:19+00:00	https://www.reddit.com/r/SEO/.rss	b51133ac5a88	Do you think Google will let you scale if your backlinks aren’t growing?	do you think google will let you scale if your backlinks aren t growing
2026-03-05T21:21:19+00:00	https://www.reddit.com/r/SEO/.rss	01ed40a1977d	How to Get on Google Discover | Google Search Central Documentation	get on google discover google search central documentation
2026-03-05T21:21:19+00:00	https://www.reddit.com/r/SEO/.rss	655767ebcbad	Do you trust SEO advice from AI?	do you trust seo from ai
2026-03-05T21:21:19+00:00	https://www.reddit.com/r/SEO/.rss	b4e135fe6ef5	What resources do you recommend to learn SEO fundamentals	what resources do you recommend to learn seo fundamentals
2026-03-05T21:21:19+00:00	https://www.reddit.com/r/SEO/.rss	c76e2b564f06	What’s the difference between a “good-looking site” and good web marketing?	what s the difference between a good-looking site and good web marketing
2026-03-05T21:21:19+00:00	https://www.reddit.com/r/SEO/.rss	ac69153b3a58	My website is 6 month old but not getting traffic	my website is 6 month old but not getting traffic
2026-03-05T21:21:19+00:00	https://www.reddit.com/r/SEO/.rss	49cca5dcd4ba	GSC on page Pages, last update: 24-02-2026	gsc on page pages last update 24-02-2026
2026-03-05T21:21:19+00:00	https://www.reddit.com/r/SEO/.rss	055ab0f5d3c8	Best use of time and money for SEO?	best use of time and money for seo
2026-03-05T21:21:19+00:00	https://www.reddit.com/r/SEO/.rss	104a52dba546	Spammy Backlink Auto Creation, Help!	spammy backlink auto creation
2026-03-05T21:21:19+00:00	https://www.reddit.com/r/SEO/.rss	b201e98633e3	SEO tools give different rankings than actual local searches?	seo tools give different rankings than actual local searches
2026-03-05T21:21:19+00:00	https://www.reddit.com/r/SEO/.rss	6d8ed59ce3d5	CTR is stuck at 0.5%. AI summaries are killing my clicks. How do I fight back?	ctr is stuck at 0 5 ai summaries are killing my clicks how do i fight back
2026-03-05T21:21:19+00:00	https://www.reddit.com/r/SEO/.rss	cf918a630125	Does query fan out literally just mean putting long tail keywords into your subheadings?	does query fan out literally just mean putting long tail keywords into your subheadings
2026-03-05T21:21:19+00:00	https://www.reddit.com/r/SEO/.rss	3a926eacb654	Website impressions and Traffic reduced suddenly.	website impressions and traffic reduced suddenly
2026-03-05T21:21:19+00:00	https://www.reddit.com/r/SEO/.rss	fd8eb8216ff6	New finding: ChatGPT sources 83% of its carousel products from Google Shopping via shopping query fan-outs	new finding chatgpt sources 83 of its carousel products from google shopping via shopping query fan-outs
2026-03-05T21:21:19+00:00	https://www.reddit.com/r/SEO/.rss	2d8ae633980f	How Can I Increase The Crawl Rate On My Website?	how can i increase the crawl rate on my website
2026-03-05T21:21:19+00:00	https://www.reddit.com/r/SEO/.rss	942509e11173	Need Help - Website Ranking	need - website ranking
2026-03-05T21:21:19+00:00	https://www.reddit.com/r/SEO/.rss	68cc75662e65	Google shopping: how are you guys optimizing product titles?	google shopping how are you guys optimizing product titles
2026-03-05T21:21:19+00:00	https://www.reddit.com/r/SEO/.rss	952fa866f0a9	EARNING WITH SEO	earning with seo
2026-03-05T21:21:19+00:00	https://www.reddit.com/r/SEO/.rss	c7c1deda340b	Anyone using Moz in 2026?	anyone using moz in 2026
2026-03-05T21:21:19+00:00	https://www.reddit.com/r/SEO/.rss	3b1892fe7eb3	Is this a decent strategy for SEO? Seem to be useless links	is this a decent strategy for seo seem to be useless links
2026-03-05T21:21:20+00:00	https://www.reddit.com/r/automation/.rss	6b895d0f10fe	Has anyone actually automated video production for their team?	has anyone actually automated video production for their team
2026-03-05T21:21:20+00:00	https://www.reddit.com/r/automation/.rss	89de359e37bf	AI creative platform integrations that actually work, do they exist?	ai creative platform integrations that actually work do they exist
2026-03-05T21:21:20+00:00	https://www.reddit.com/r/automation/.rss	c1e20e85bbdf	What AI automations are businesses actually using right now?	what ai automations are businesses actually using right now
2026-03-05T21:21:20+00:00	https://www.reddit.com/r/automation/.rss	3fae655cf03b	What AI Automation Took You From 0 → First Money?	what ai automation took you from 0 first money
2026-03-05T21:21:20+00:00	https://www.reddit.com/r/automation/.rss	08f18f5bb324	I've made 1,000 AI videos and hit 10k followers. Here's everything that actually worked	i ve made 1 000 ai videos and hit 10k followers here s everything that actually worked
2026-03-05T21:21:20+00:00	https://www.reddit.com/r/automation/.rss	3b8cdd5a7c67	I built my own Jarvis. I am not Tony Stark. AMA.	i built my own jarvis i am not tony stark ama
2026-03-05T21:21:20+00:00	https://www.reddit.com/r/automation/.rss	cf3332c6205e	Transforming Insurance Claims Into a Faster, Automated Process	transforming insurance claims into a faster automated process
2026-03-05T21:21:20+00:00	https://www.reddit.com/r/automation/.rss	0065baa55c0c	How do you guys automate X /twitter for growth in the b2b niche?	how do you guys automate x /twitter for growth in the b2b niche
2026-03-05T21:21:20+00:00	https://www.reddit.com/r/automation/.rss	79bb98ee0773	Api for presentations from stored data	api for presentations from stored data
2026-03-05T21:21:20+00:00	https://www.reddit.com/r/automation/.rss	32c7b7614bf0	Anyone automated saas data ingestion so analysts can self service without filing tickets to engineering?	anyone automated saas data ingestion so analysts can self service without filing tickets to engineering
2026-03-05T21:21:20+00:00	https://www.reddit.com/r/automation/.rss	e9a730b2ce32	How are people parsing incoming emails into structured data?	how are people parsing incoming emails into structured data
2026-03-05T21:21:20+00:00	https://www.reddit.com/r/automation/.rss	08eae1e34790	Xiaomi trials humanoid robots in its EV factory - says they’re like interns	xiaomi trials humanoid robots in its ev factory - says they re like interns
2026-03-05T21:21:20+00:00	https://www.reddit.com/r/automation/.rss	9adc8eaa67a8	What do you guys use to generate public file links inside automations?	what do you guys use to generate public file links inside automations
2026-03-05T21:21:20+00:00	https://www.reddit.com/r/automation/.rss	5e1aeebea95a	How are people connecting monday with make for automation?	how are people connecting monday with make for automation
2026-03-05T21:21:20+00:00	https://www.reddit.com/r/automation/.rss	731bdb9101e4	Why LinkedIn automation failed for me (and what actually worked)	why linkedin automation failed for me and what actually worked
2026-03-05T21:21:20+00:00	https://www.reddit.com/r/automation/.rss	3d0b7078ac07	Made Free PDF + Poly Form licensed software to go from PDF to fillable form automatically and database map fields.	made free pdf + poly form licensed software to go from pdf to fillable form automatically and database map fields
2026-03-05T21:21:20+00:00	https://www.reddit.com/r/automation/.rss	cb9890910943	I made a free, open-source wedding planner inspired by OpenClaw	i made a free open-source wedding planner inspired by openclaw
2026-03-05T21:21:20+00:00	https://www.reddit.com/r/automation/.rss	3bf6d62c8369	What do you think? Asking for feedback.	what do you think asking for feedback
2026-03-05T21:21:20+00:00	https://www.reddit.com/r/automation/.rss	eca771b5f923	some ia to make pic and videos like ugc	some ia to make pic and videos like ugc
2026-03-05T21:21:20+00:00	https://www.reddit.com/r/automation/.rss	169093f8eedc	AI automation or data engineer	ai automation or data engineer
2026-03-05T21:21:22+00:00	https://www.reddit.com/r/ChatGPT/.rss	d11a0ae0cd73	Updates for ChatGPT	updates for chatgpt
2026-03-05T21:21:22+00:00	https://www.reddit.com/r/ChatGPT/.rss	6acc8300600d	GPT-4o/GPT-5 complaints megathread	gpt-4o/gpt-5 complaints megathread
2026-03-05T21:21:22+00:00	https://www.reddit.com/r/ChatGPT/.rss	1406ad54d7eb	Common ChatGPT answer😂😭	common chatgpt answer
2026-03-05T21:21:22+00:00	https://www.reddit.com/r/ChatGPT/.rss	1a9edf80d02e	Most people on earth have absolutely no idea what AI can do right now	most people on earth have absolutely no idea what ai can do right now
2026-03-05T21:21:22+00:00	https://www.reddit.com/r/ChatGPT/.rss	abcb35b0d91f	"""Autonomously discombobulating"": If we can't trust AI with a basic prompt, why trust it with a classified network?"	autonomously discombobulating if we can t trust ai with a basic prompt why trust it with a classified network
2026-03-05T21:21:22+00:00	https://www.reddit.com/r/ChatGPT/.rss	156b76524fd3	ChatGPT app uninstalls now up 563%	chatgpt app uninstalls now up 563
2026-03-05T21:21:22+00:00	https://www.reddit.com/r/ChatGPT/.rss	26cc13628736	Holy Shit This is hilarious ~	holy shit this is hilarious
2026-03-05T21:21:22+00:00	https://www.reddit.com/r/ChatGPT/.rss	73b2e46a4032	‘I’d rather go to jail’: Sam Altman fights to stop ChatGPT exodus after ‘sloppy’ US military deal and promises OpenAI would never follow ‘unconstitutional order’	i d rather go to jail sam altman fights to stop chatgpt exodus after sloppy us military deal and promises openai would never follow unconstitutional order
2026-03-05T21:21:22+00:00	https://www.reddit.com/r/ChatGPT/.rss	9b6b81d65ddc	That's fine keep your secrets 🙄	that s fine keep your secrets
2026-03-05T21:21:22+00:00	https://www.reddit.com/r/ChatGPT/.rss	b899025d5705	This is literally OpenAI right now	this is literally openai right now
2026-03-05T21:21:22+00:00	https://www.reddit.com/r/ChatGPT/.rss	a0aa4a1d8210	Are the new guardrails making creative AI pointless?	are the new guardrails making creative ai pointless
2026-03-05T21:21:22+00:00	https://www.reddit.com/r/ChatGPT/.rss	8db233908491	A day in the life of a ChatGPT user 💀	a day in the life of a chatgpt user
2026-03-05T21:21:22+00:00	https://www.reddit.com/r/ChatGPT/.rss	f9186666df87	Turns tabled	turns tabled
2026-03-05T21:21:22+00:00	https://www.reddit.com/r/ChatGPT/.rss	93ac0deacf65	ChatGPT uninstalls jumped 295% and Altman is in apology mode	chatgpt uninstalls jumped 295 and altman is in apology mode
2026-03-05T21:21:22+00:00	https://www.reddit.com/r/ChatGPT/.rss	61e31723b23a	Anthropic is back to the table having conversation with Pentagon	anthropic is back to the table having conversation with pentagon
2026-03-05T21:21:22+00:00	https://www.reddit.com/r/ChatGPT/.rss	c9fb2cc37a6c	OpenAI VP Max Schwarzer joins Anthropic amid recent kerfuffle	openai vp max schwarzer joins anthropic amid recent kerfuffle
2026-03-05T21:21:22+00:00	https://www.reddit.com/r/ChatGPT/.rss	c9ae945346c1	"GPT-5.4 Announced: First AI to beat humans at operating a computer (75% OSWorld), features 1M context, ""xhigh"" reasoning, and sweeps benchmarks against Opus 4.6 & Gemini 3.1 Pro"	gpt-5 4 announced first ai to beat humans at operating a computer 75 osworld features 1m context xhigh reasoning and sweeps benchmarks against opus 4 6 gemini 3 1 pro
2026-03-05T21:21:24+00:00	https://www.reddit.com/r/solana/.rss	44d4523c6e51	Welcome to /r/Solana - Read This To Get Started	welcome to /r/solana - read this to get started
2026-03-05T21:21:24+00:00	https://www.reddit.com/r/solana/.rss	ab2dc7643ec0	Weekly Discussion Thread, Chats & Trading Talks | March 1-8, 2026	weekly discussion thread chats trading talks march 1-8 2026
2026-03-05T21:21:24+00:00	https://www.reddit.com/r/solana/.rss	4329f1012f1a	We are building IBC for Solana	we are building ibc for solana
2026-03-05T21:21:24+00:00	https://www.reddit.com/r/solana/.rss	8490e6a59c8d	How Solana actually handles tokens under the hood (A breakdown of the SPL Token Program)	how solana actually handles tokens under the hood a breakdown of the spl token program
2026-03-05T21:21:24+00:00	https://www.reddit.com/r/solana/.rss	4c6e3037d72b	Nest Launches RWA Yield Vaults on Solana – Institutional Real-World Yields Go Native.	nest launches rwa yield vaults on solana institutional real-world yields go native
2026-03-05T21:21:24+00:00	https://www.reddit.com/r/solana/.rss	6443290babc1	Western Union is Launching a Stablecoin on Solana... Here's Why! | Malcolm Clarke	western union is launching a stablecoin on solana here s why malcolm clarke
2026-03-05T21:21:24+00:00	https://www.reddit.com/r/solana/.rss	e17a22522aa4	BungeeExchange Now Supports Privacy On Solana	bungeeexchange now supports privacy on solana
2026-03-05T21:21:24+00:00	https://www.reddit.com/r/solana/.rss	a12108f89544	📢 Solana Digest (March 2 – March 4)	solana digest march 2 march 4
2026-03-05T21:21:24+00:00	https://www.reddit.com/r/solana/.rss	40c5d3c2ed5a	Solandy - Fundermentals: Account Ownership [Solana Basics Day3] - Feb 7th '26	solandy - fundermentals account ownership solana basics day3 - feb 7th 26
2026-03-05T21:21:24+00:00	https://www.reddit.com/r/solana/.rss	c970104946d9	SOL Brothers Podcast - Payments On Solana: How To Skip Card Fees Forever With QR Codes, With Caesar And Akshat From SurfCash (SurfCashx)	sol brothers podcast - payments on solana how to skip card fees forever with qr codes with caesar and akshat from surfcash surfcashx
2026-03-05T21:21:24+00:00	https://www.reddit.com/r/solana/.rss	3ebdba90004b	LightSpeed Podcast - Tokenized Equities, Kamino RWAs and zachXBT Investigation	lightspeed podcast - tokenized equities kamino rwas and zachxbt investigation
2026-03-05T21:21:24+00:00	https://www.reddit.com/r/solana/.rss	cd40acc92703	LightSpeed Podcast - Solana’s Institutional Moment With Nick Ducoff	lightspeed podcast - solana s institutional moment with nick ducoff
2026-03-05T21:21:24+00:00	https://www.reddit.com/r/solana/.rss	124db0ada727	SOL market structure looks unclear right now	sol market structure looks unclear right now
2026-03-05T21:21:24+00:00	https://www.reddit.com/r/solana/.rss	52a2a2fa7ee8	Backpack is letting users access IPOs on Solana before they hit stock exchanges	backpack is letting users access ipos on solana before they hit stock exchanges
2026-03-05T21:21:24+00:00	https://www.reddit.com/r/solana/.rss	2304610eef93	Solana has more volume than BNB and XRP combined	solana has more volume than bnb and xrp combined
2026-03-05T21:21:24+00:00	https://www.reddit.com/r/solana/.rss	a5578a10375d	What this actually means for Solana.	what this actually means for solana
2026-03-05T21:21:24+00:00	https://www.reddit.com/r/solana/.rss	6ad2d6b18440	Billions With Pedro Miranda Podcast - Pedro Welcomes Tuomas Holmberg, Founder Of Collector_Crypt, To Discuss The Future Of Collectibles	billions with pedro miranda podcast - pedro welcomes tuomas holmberg founder of collector crypt to discuss the future of collectibles
2026-03-05T21:21:24+00:00	https://www.reddit.com/r/solana/.rss	42a68e7fdb42	How many launchpads on Solana	how many launchpads on solana
2026-03-05T21:21:24+00:00	https://www.reddit.com/r/solana/.rss	6a6a880b0547	Solana Mobile Stack (SMS) Is Now OPEN To Android Hardware Manufacturers Worldwide	solana mobile stack sms is now open to android hardware manufacturers worldwide
2026-03-05T21:21:24+00:00	https://www.reddit.com/r/solana/.rss	c139be819c64	Agents On Solana Can Now Send And Receive Mail Through @agentmail	agents on solana can now send and receive mail through agentmail
