source	pillar	topic	timestamp
seed	hvac	hvac noise	2026-03-05 20:06:01Z
seed	hvac	hvac not cooling	2026-03-05 20:06:01Z
seed	hvac	hvac leaking water	2026-03-05 20:06:01Z
seed	hvac	hvac compressor not starting	2026-03-05 20:06:01Z
seed	hvac	hvac repair vs replace cost	2026-03-05 20:06:01Z
seed	hvac	hvac blowing warm air	2026-03-05 20:06:01Z
seed	hvac	hvac short cycling	2026-03-05 20:06:01Z
seed	payments	payment processing fees too high	2026-03-05 20:06:01Z
seed	payments	stripe alternatives san diego	2026-03-05 20:06:01Z
seed	payments	payment gateway problems	2026-03-05 20:06:01Z
seed	payments	chargeback prevention	2026-03-05 20:06:01Z
seed	payments	mobile payment terminal	2026-03-05 20:06:01Z
seed	payments	ach vs credit card fees	2026-03-05 20:06:01Z
seed	ai-automation	ai automation for small business	2026-03-05 20:06:01Z
seed	ai-automation	automate business tasks	2026-03-05 20:06:01Z
seed	ai-automation	ai workflow automation	2026-03-05 20:06:01Z
seed	ai-automation	ai scheduling tools	2026-03-05 20:06:01Z
seed	ai-automation	ai customer service bot	2026-03-05 20:06:01Z
seed	energy	ev charging cost	2026-03-05 20:06:01Z
seed	energy	home ev charger install	2026-03-05 20:06:01Z
seed	energy	ev battery lifespan	2026-03-05 20:06:01Z
seed	energy	level 2 charger cost	2026-03-05 20:06:01Z
seed	energy	tesla home charger install	2026-03-05 20:06:01Z
seed	business-software	crm for small business	2026-03-05 20:06:01Z
seed	business-software	accounting software comparison	2026-03-05 20:06:01Z
seed	business-software	quickbooks alternatives	2026-03-05 20:06:01Z
seed	business-software	invoice software san diego	2026-03-05 20:06:01Z
seed	crypto-web3	crypto wallet security risks	2026-03-05 20:06:01Z
seed	crypto-web3	accept bitcoin payments	2026-03-05 20:06:01Z
seed	crypto-web3	stablecoin for business	2026-03-05 20:06:01Z
seed	crypto-web3	best hardware wallet	2026-03-05 20:06:01Z
seed	prediction-markets	kalshi san diego	2026-03-05 20:06:01Z
seed	prediction-markets	prediction market legality	2026-03-05 20:06:01Z
seed	prediction-markets	polymarket guide	2026-03-05 20:06:01Z
seed	prediction-markets	hedge with prediction markets	2026-03-05 20:06:01Z
seed		payment processor fees too high	2026-03-05 20:30:07Z
seed		chargeback prevention tools	2026-03-05 20:30:07Z
seed		reduce stripe fees	2026-03-05 20:30:07Z
seed		restaurant payment processing rates	2026-03-05 20:30:07Z
seed		how to reduce credit card processing fees	2026-03-05 20:30:07Z
seed		reduce payment processing chargebacks	2026-03-05 20:30:07Z
seed		small business ai customer support	2026-03-05 20:30:07Z
seed		ai scheduling software for contractors	2026-03-05 20:30:07Z
seed		how to automate small business tasks	2026-03-05 20:30:07Z
seed		best ai tools for local business	2026-03-05 20:30:07Z
seed		ai chatbots for customer service	2026-03-05 20:30:07Z
seed		ai automation consulting cost	2026-03-05 20:30:07Z
seed		small business workflow automation	2026-03-05 20:30:07Z
seed		ev charger install cost	2026-03-05 20:30:07Z
seed		electric vehicle charger installation permit	2026-03-05 20:30:07Z
seed		how to accept crypto payments	2026-03-05 20:30:07Z
seed		solana payments for merchants	2026-03-05 20:30:07Z
seed		hvac service pricing confusion	2026-03-05 20:30:07Z
seed		local seo for contractors	2026-03-05 20:30:07Z
