ai-automation-examples	AI automation examples for small business	Real operator examples that reduce friction without complexity.	ai-automation	ai-workflow-automation
ai-automation-for-accountants	ai automation for accountants	How accountants operators solve ai automation using modern tools and clear systems.	ai-automation	ai-workflow-automation
ai-automation-for-barbershops	ai automation for barbershops	How barbershops operators solve ai automation using modern tools and clear systems.	ai-automation	ai-workflow-automation
ai-automation-for-construction-companies	ai automation for construction companies	How construction companies operators solve ai automation using modern tools and clear systems.	ai-automation	ai-workflow-automation
ai-automation-for-consultants	ai automation for consultants	How consultants operators solve ai automation using modern tools and clear systems.	ai-automation	ai-workflow-automation
ai-automation-for-contractors	ai automation for contractors	How contractors operators solve ai automation using modern tools and clear systems.	ai-automation	ai-workflow-automation
ai-automation-for-dentists	ai automation for dentists	How dentists operators solve ai automation using modern tools and clear systems.	ai-automation	ai-workflow-automation
ai-automation-for-electricians	ai automation for electricians	How electricians operators solve ai automation using modern tools and clear systems.	ai-automation	ai-workflow-automation
ai-automation-for-fitness-gyms	ai automation for fitness gyms	How fitness gyms operators solve ai automation using modern tools and clear systems.	ai-automation	ai-workflow-automation
ai-automation-for-hvac-contractors	ai automation for hvac contractors	How hvac contractors operators solve ai automation using modern tools and clear systems.	ai-automation	ai-workflow-automation
ai-automation-for-insurance-agents	ai automation for insurance agents	How insurance agents operators solve ai automation using modern tools and clear systems.	ai-automation	ai-workflow-automation
ai-automation-for-landscapers	ai automation for landscapers	How landscapers operators solve ai automation using modern tools and clear systems.	ai-automation	ai-workflow-automation
ai-automation-for-law-firms	ai automation for law firms	How law firms operators solve ai automation using modern tools and clear systems.	ai-automation	ai-workflow-automation
ai-automation-for-marketing-agencies	ai automation for marketing agencies	How marketing agencies operators solve ai automation using modern tools and clear systems.	ai-automation	ai-workflow-automation
ai-automation-for-medical-offices	ai automation for medical offices	How medical offices operators solve ai automation using modern tools and clear systems.	ai-automation	ai-workflow-automation
ai-automation-for-plumbers	ai automation for plumbers	How plumbers operators solve ai automation using modern tools and clear systems.	ai-automation	ai-workflow-automation
ai-automation-for-real-estate-agents	ai automation for real estate agents	How real estate agents operators solve ai automation using modern tools and clear systems.	ai-automation	ai-workflow-automation
ai-automation-for-restaurants	ai automation for restaurants	How restaurants operators solve ai automation using modern tools and clear systems.	ai-automation	ai-workflow-automation
ai-automation-for-retail-stores	ai automation for retail stores	How retail stores operators solve ai automation using modern tools and clear systems.	ai-automation	ai-workflow-automation
ai-automation-for-roofers	ai automation for roofers	How roofers operators solve ai automation using modern tools and clear systems.	ai-automation	ai-workflow-automation
ai-automation-for-salons	ai automation for salons	How salons operators solve ai automation using modern tools and clear systems.	ai-automation	ai-workflow-automation
ai-automation-roi	AI automation ROI calculator guide	How to estimate time saved, payback period, and operational lift.	ai-automation	ai-workflow-automation
ai-automation-workflows	AI automation workflows that work	Workflow patterns: intake → routing → summary → action.	ai-automation	ai-workflow-automation
ai-call-summaries	AI call summaries for operators	How operators use summaries and action items without losing context.	ai-automation	ai-workflow-automation
ai-customer-intake-automation	AI customer intake automation	Forms, triage, summarization, and routing that prevent missed leads.	ai-automation	ai-workflow-automation
ai-customer-intake-for-accountants	ai customer intake for accountants	How accountants operators solve ai customer intake using modern tools and clear systems.	ai-automation	ai-workflow-automation
ai-customer-intake-for-barbershops	ai customer intake for barbershops	How barbershops operators solve ai customer intake using modern tools and clear systems.	ai-automation	ai-workflow-automation
ai-customer-intake-for-construction-companies	ai customer intake for construction companies	How construction companies operators solve ai customer intake using modern tools and clear systems.	ai-automation	ai-workflow-automation
ai-customer-intake-for-consultants	ai customer intake for consultants	How consultants operators solve ai customer intake using modern tools and clear systems.	ai-automation	ai-workflow-automation
ai-customer-intake-for-contractors	ai customer intake for contractors	How contractors operators solve ai customer intake using modern tools and clear systems.	ai-automation	ai-workflow-automation
ai-customer-intake-for-dentists	ai customer intake for dentists	How dentists operators solve ai customer intake using modern tools and clear systems.	ai-automation	ai-workflow-automation
ai-customer-intake-for-electricians	ai customer intake for electricians	How electricians operators solve ai customer intake using modern tools and clear systems.	ai-automation	ai-workflow-automation
ai-customer-intake-for-fitness-gyms	ai customer intake for fitness gyms	How fitness gyms operators solve ai customer intake using modern tools and clear systems.	ai-automation	ai-workflow-automation
ai-customer-intake-for-hvac-contractors	ai customer intake for hvac contractors	How hvac contractors operators solve ai customer intake using modern tools and clear systems.	ai-automation	ai-workflow-automation
ai-customer-intake-for-insurance-agents	ai customer intake for insurance agents	How insurance agents operators solve ai customer intake using modern tools and clear systems.	ai-automation	ai-workflow-automation
ai-customer-intake-for-landscapers	ai customer intake for landscapers	How landscapers operators solve ai customer intake using modern tools and clear systems.	ai-automation	ai-workflow-automation
ai-customer-intake-for-law-firms	ai customer intake for law firms	How law firms operators solve ai customer intake using modern tools and clear systems.	ai-automation	ai-workflow-automation
ai-customer-intake-for-marketing-agencies	ai customer intake for marketing agencies	How marketing agencies operators solve ai customer intake using modern tools and clear systems.	ai-automation	ai-workflow-automation
ai-customer-intake-for-medical-offices	ai customer intake for medical offices	How medical offices operators solve ai customer intake using modern tools and clear systems.	ai-automation	ai-workflow-automation
ai-customer-intake-for-plumbers	ai customer intake for plumbers	How plumbers operators solve ai customer intake using modern tools and clear systems.	ai-automation	ai-workflow-automation
ai-customer-intake-for-real-estate-agents	ai customer intake for real estate agents	How real estate agents operators solve ai customer intake using modern tools and clear systems.	ai-automation	ai-workflow-automation
ai-customer-intake-for-restaurants	ai customer intake for restaurants	How restaurants operators solve ai customer intake using modern tools and clear systems.	ai-automation	ai-workflow-automation
ai-customer-intake-for-retail-stores	ai customer intake for retail stores	How retail stores operators solve ai customer intake using modern tools and clear systems.	ai-automation	ai-workflow-automation
ai-customer-intake-for-roofers	ai customer intake for roofers	How roofers operators solve ai customer intake using modern tools and clear systems.	ai-automation	ai-workflow-automation
ai-customer-intake-for-salons	ai customer intake for salons	How salons operators solve ai customer intake using modern tools and clear systems.	ai-automation	ai-workflow-automation
ai-customer-service-best-practices	AI customer service best practices	What to automate, what to keep human, and how to avoid brand damage.	ai-automation	ai-customer-service
ai-email-followup-automation	AI email follow-up automation	Follow-up sequences that keep your voice but save time.	ai-automation	ai-marketing-automation
ai-marketing-automation-for-accountants	ai marketing automation for accountants	How accountants operators solve ai marketing automation using modern tools and clear systems.	ai-automation	ai-marketing-automation
ai-marketing-automation-for-barbershops	ai marketing automation for barbershops	How barbershops operators solve ai marketing automation using modern tools and clear systems.	ai-automation	ai-marketing-automation
ai-marketing-automation-for-construction-companies	ai marketing automation for construction companies	How construction companies operators solve ai marketing automation using modern tools and clear systems.	ai-automation	ai-marketing-automation
ai-marketing-automation-for-consultants	ai marketing automation for consultants	How consultants operators solve ai marketing automation using modern tools and clear systems.	ai-automation	ai-marketing-automation
ai-marketing-automation-for-contractors	ai marketing automation for contractors	How contractors operators solve ai marketing automation using modern tools and clear systems.	ai-automation	ai-marketing-automation
ai-marketing-automation-for-dentists	ai marketing automation for dentists	How dentists operators solve ai marketing automation using modern tools and clear systems.	ai-automation	ai-marketing-automation
ai-marketing-automation-for-electricians	ai marketing automation for electricians	How electricians operators solve ai marketing automation using modern tools and clear systems.	ai-automation	ai-marketing-automation
ai-marketing-automation-for-fitness-gyms	ai marketing automation for fitness gyms	How fitness gyms operators solve ai marketing automation using modern tools and clear systems.	ai-automation	ai-marketing-automation
ai-marketing-automation-for-hvac-contractors	ai marketing automation for hvac contractors	How hvac contractors operators solve ai marketing automation using modern tools and clear systems.	ai-automation	ai-marketing-automation
ai-marketing-automation-for-insurance-agents	ai marketing automation for insurance agents	How insurance agents operators solve ai marketing automation using modern tools and clear systems.	ai-automation	ai-marketing-automation
ai-marketing-automation-for-landscapers	ai marketing automation for landscapers	How landscapers operators solve ai marketing automation using modern tools and clear systems.	ai-automation	ai-marketing-automation
ai-marketing-automation-for-law-firms	ai marketing automation for law firms	How law firms operators solve ai marketing automation using modern tools and clear systems.	ai-automation	ai-marketing-automation
ai-marketing-automation-for-marketing-agencies	ai marketing automation for marketing agencies	How marketing agencies operators solve ai marketing automation using modern tools and clear systems.	ai-automation	ai-marketing-automation
ai-marketing-automation-for-medical-offices	ai marketing automation for medical offices	How medical offices operators solve ai marketing automation using modern tools and clear systems.	ai-automation	ai-marketing-automation
ai-marketing-automation-for-plumbers	ai marketing automation for plumbers	How plumbers operators solve ai marketing automation using modern tools and clear systems.	ai-automation	ai-marketing-automation
ai-marketing-automation-for-real-estate-agents	ai marketing automation for real estate agents	How real estate agents operators solve ai marketing automation using modern tools and clear systems.	ai-automation	ai-marketing-automation
ai-marketing-automation-for-restaurants	ai marketing automation for restaurants	How restaurants operators solve ai marketing automation using modern tools and clear systems.	ai-automation	ai-marketing-automation
ai-marketing-automation-for-retail-stores	ai marketing automation for retail stores	How retail stores operators solve ai marketing automation using modern tools and clear systems.	ai-automation	ai-marketing-automation
ai-marketing-automation-for-roofers	ai marketing automation for roofers	How roofers operators solve ai marketing automation using modern tools and clear systems.	ai-automation	ai-marketing-automation
ai-marketing-automation-for-salons	ai marketing automation for salons	How salons operators solve ai marketing automation using modern tools and clear systems.	ai-automation	ai-marketing-automation
ai-marketing-content-calendar	AI marketing content calendar	A calm content system that doesn't become a second job.	ai-automation	ai-marketing-automation
ai-meeting-notes	AI meeting notes for operators	Simple systems to capture decisions and reduce forget-work.	ai-automation	ai-workflow-automation
ai-review-reply-system	AI review reply system	Respond to reviews quickly while keeping trust and tone.	ai-automation	ai-customer-service
ai-scheduling-intake-questions	Scheduling intake questions templates	Questions that make booking smoother and reduce reschedules.	ai-automation	ai-scheduling
ai-scheduling-reminders	AI scheduling reminders that reduce no-shows	Reminder flows that reduce no-shows and keep calendars clean.	ai-automation	ai-scheduling
ai-sop-writer	AI SOP writer for process documentation	How to turn messy ops into clean SOPs with AI and humans.	ai-automation	ai-workflow-automation
ai-text-replies-for-business	AI text replies for business	Template patterns for fast, human-feeling text responses.	ai-automation	ai-customer-service
ai-tools-for-contractors	AI tools for contractors	Tool categories that matter: intake, scheduling, quoting, follow-up.	ai-automation	ai-workflow-automation
ai-tools-for-medical-offices	AI tools for medical offices	Intake, routing, reminders, and documentation basics.	ai-automation	ai-workflow-automation
ai-tools-for-restaurants	AI tools for restaurants	Bookings, reviews, staff comms, and customer messaging.	ai-automation	ai-workflow-automation
automated-invoicing-workflow	Automated invoicing workflow	Invoice automation without losing accuracy.	small-business-tech	time-saving-systems
best-payment-processor-small-business	Best payment processor for small business (how to choose)	A decision framework instead of hype.	payments	payment-fees
chargeback-response-template	Chargeback response template	A practical template and evidence checklist.	payments	chargebacks
crm-automation-for-accountants	crm automation for accountants	How accountants operators solve crm automation using modern tools and clear systems.	small-business-tech	software-selection
crm-automation-for-barbershops	crm automation for barbershops	How barbershops operators solve crm automation using modern tools and clear systems.	small-business-tech	software-selection
crm-automation-for-construction-companies	crm automation for construction companies	How construction companies operators solve crm automation using modern tools and clear systems.	small-business-tech	software-selection
crm-automation-for-consultants	crm automation for consultants	How consultants operators solve crm automation using modern tools and clear systems.	small-business-tech	software-selection
crm-automation-for-contractors	crm automation for contractors	How contractors operators solve crm automation using modern tools and clear systems.	small-business-tech	software-selection
crm-automation-for-dentists	crm automation for dentists	How dentists operators solve crm automation using modern tools and clear systems.	small-business-tech	software-selection
crm-automation-for-electricians	crm automation for electricians	How electricians operators solve crm automation using modern tools and clear systems.	small-business-tech	software-selection
crm-automation-for-fitness-gyms	crm automation for fitness gyms	How fitness gyms operators solve crm automation using modern tools and clear systems.	small-business-tech	software-selection
crm-automation-for-hvac-contractors	crm automation for hvac contractors	How hvac contractors operators solve crm automation using modern tools and clear systems.	small-business-tech	software-selection
crm-automation-for-insurance-agents	crm automation for insurance agents	How insurance agents operators solve crm automation using modern tools and clear systems.	small-business-tech	software-selection
crm-automation-for-landscapers	crm automation for landscapers	How landscapers operators solve crm automation using modern tools and clear systems.	small-business-tech	software-selection
crm-automation-for-law-firms	crm automation for law firms	How law firms operators solve crm automation using modern tools and clear systems.	small-business-tech	software-selection
crm-automation-for-marketing-agencies	crm automation for marketing agencies	How marketing agencies operators solve crm automation using modern tools and clear systems.	small-business-tech	software-selection
crm-automation-for-medical-offices	crm automation for medical offices	How medical offices operators solve crm automation using modern tools and clear systems.	small-business-tech	software-selection
crm-automation-for-plumbers	crm automation for plumbers	How plumbers operators solve crm automation using modern tools and clear systems.	small-business-tech	software-selection
crm-automation-for-real-estate-agents	crm automation for real estate agents	How real estate agents operators solve crm automation using modern tools and clear systems.	small-business-tech	software-selection
crm-automation-for-restaurants	crm automation for restaurants	How restaurants operators solve crm automation using modern tools and clear systems.	small-business-tech	software-selection
crm-automation-for-retail-stores	crm automation for retail stores	How retail stores operators solve crm automation using modern tools and clear systems.	small-business-tech	software-selection
crm-automation-for-roofers	crm automation for roofers	How roofers operators solve crm automation using modern tools and clear systems.	small-business-tech	software-selection
crm-automation-for-salons	crm automation for salons	How salons operators solve crm automation using modern tools and clear systems.	small-business-tech	software-selection
crm-setup-checklist	CRM setup checklist	A simple checklist for first-week CRM success.	small-business-tech	software-selection
customer-intake-forms	Customer intake form templates	Intake templates that reduce back-and-forth.	small-business-tech	customer-ops
customer-service-automation-for-accountants	customer service automation for accountants	How accountants operators solve customer service automation using modern tools and clear systems.	ai-automation	ai-customer-service
customer-service-automation-for-barbershops	customer service automation for barbershops	How barbershops operators solve customer service automation using modern tools and clear systems.	ai-automation	ai-customer-service
customer-service-automation-for-construction-companies	customer service automation for construction companies	How construction companies operators solve customer service automation using modern tools and clear systems.	ai-automation	ai-customer-service
customer-service-automation-for-consultants	customer service automation for consultants	How consultants operators solve customer service automation using modern tools and clear systems.	ai-automation	ai-customer-service
customer-service-automation-for-contractors	customer service automation for contractors	How contractors operators solve customer service automation using modern tools and clear systems.	ai-automation	ai-customer-service
customer-service-automation-for-dentists	customer service automation for dentists	How dentists operators solve customer service automation using modern tools and clear systems.	ai-automation	ai-customer-service
customer-service-automation-for-electricians	customer service automation for electricians	How electricians operators solve customer service automation using modern tools and clear systems.	ai-automation	ai-customer-service
customer-service-automation-for-fitness-gyms	customer service automation for fitness gyms	How fitness gyms operators solve customer service automation using modern tools and clear systems.	ai-automation	ai-customer-service
customer-service-automation-for-hvac-contractors	customer service automation for hvac contractors	How hvac contractors operators solve customer service automation using modern tools and clear systems.	ai-automation	ai-customer-service
customer-service-automation-for-insurance-agents	customer service automation for insurance agents	How insurance agents operators solve customer service automation using modern tools and clear systems.	ai-automation	ai-customer-service
customer-service-automation-for-landscapers	customer service automation for landscapers	How landscapers operators solve customer service automation using modern tools and clear systems.	ai-automation	ai-customer-service
customer-service-automation-for-law-firms	customer service automation for law firms	How law firms operators solve customer service automation using modern tools and clear systems.	ai-automation	ai-customer-service
customer-service-automation-for-marketing-agencies	customer service automation for marketing agencies	How marketing agencies operators solve customer service automation using modern tools and clear systems.	ai-automation	ai-customer-service
customer-service-automation-for-medical-offices	customer service automation for medical offices	How medical offices operators solve customer service automation using modern tools and clear systems.	ai-automation	ai-customer-service
customer-service-automation-for-plumbers	customer service automation for plumbers	How plumbers operators solve customer service automation using modern tools and clear systems.	ai-automation	ai-customer-service
customer-service-automation-for-real-estate-agents	customer service automation for real estate agents	How real estate agents operators solve customer service automation using modern tools and clear systems.	ai-automation	ai-customer-service
customer-service-automation-for-restaurants	customer service automation for restaurants	How restaurants operators solve customer service automation using modern tools and clear systems.	ai-automation	ai-customer-service
customer-service-automation-for-retail-stores	customer service automation for retail stores	How retail stores operators solve customer service automation using modern tools and clear systems.	ai-automation	ai-customer-service
customer-service-automation-for-roofers	customer service automation for roofers	How roofers operators solve customer service automation using modern tools and clear systems.	ai-automation	ai-customer-service
customer-service-automation-for-salons	customer service automation for salons	How salons operators solve customer service automation using modern tools and clear systems.	ai-automation	ai-customer-service
email-automation-for-accountants	email automation for accountants	How accountants operators solve email automation using modern tools and clear systems.	ai-automation	ai-email-automation
email-automation-for-barbershops	email automation for barbershops	How barbershops operators solve email automation using modern tools and clear systems.	ai-automation	ai-email-automation
email-automation-for-construction-companies	email automation for construction companies	How construction companies operators solve email automation using modern tools and clear systems.	ai-automation	ai-email-automation
email-automation-for-consultants	email automation for consultants	How consultants operators solve email automation using modern tools and clear systems.	ai-automation	ai-email-automation
email-automation-for-contractors	email automation for contractors	How contractors operators solve email automation using modern tools and clear systems.	ai-automation	ai-email-automation
email-automation-for-dentists	email automation for dentists	How dentists operators solve email automation using modern tools and clear systems.	ai-automation	ai-email-automation
email-automation-for-electricians	email automation for electricians	How electricians operators solve email automation using modern tools and clear systems.	ai-automation	ai-email-automation
email-automation-for-fitness-gyms	email automation for fitness gyms	How fitness gyms operators solve email automation using modern tools and clear systems.	ai-automation	ai-email-automation
email-automation-for-hvac-contractors	email automation for hvac contractors	How hvac contractors operators solve email automation using modern tools and clear systems.	ai-automation	ai-email-automation
email-automation-for-insurance-agents	email automation for insurance agents	How insurance agents operators solve email automation using modern tools and clear systems.	ai-automation	ai-email-automation
email-automation-for-landscapers	email automation for landscapers	How landscapers operators solve email automation using modern tools and clear systems.	ai-automation	ai-email-automation
email-automation-for-law-firms	email automation for law firms	How law firms operators solve email automation using modern tools and clear systems.	ai-automation	ai-email-automation
email-automation-for-marketing-agencies	email automation for marketing agencies	How marketing agencies operators solve email automation using modern tools and clear systems.	ai-automation	ai-email-automation
email-automation-for-medical-offices	email automation for medical offices	How medical offices operators solve email automation using modern tools and clear systems.	ai-automation	ai-email-automation
email-automation-for-plumbers	email automation for plumbers	How plumbers operators solve email automation using modern tools and clear systems.	ai-automation	ai-email-automation
email-automation-for-real-estate-agents	email automation for real estate agents	How real estate agents operators solve email automation using modern tools and clear systems.	ai-automation	ai-email-automation
email-automation-for-restaurants	email automation for restaurants	How restaurants operators solve email automation using modern tools and clear systems.	ai-automation	ai-email-automation
email-automation-for-retail-stores	email automation for retail stores	How retail stores operators solve email automation using modern tools and clear systems.	ai-automation	ai-email-automation
email-automation-for-roofers	email automation for roofers	How roofers operators solve email automation using modern tools and clear systems.	ai-automation	ai-email-automation
email-automation-for-salons	email automation for salons	How salons operators solve email automation using modern tools and clear systems.	ai-automation	ai-email-automation
high-risk-payments-explained	High-risk payments explained	What triggers high risk and how to navigate.	payments	payment-security
how-to-build-sops-fast	How to build SOPs fast	A quick method: draft, test, refine.	small-business-tech	sops-and-process
how-to-choose-crm	How to choose a CRM	Questions to avoid buying the wrong system.	small-business-tech	software-selection
how-to-read-processing-statement	How to read a processing statement	A simple guide to identify where costs hide.	payments	payment-fees
instant-settlement-explained	Instant settlement explained	Why speed matters and where it helps operators most.	payments	instant-settlement
interchange-fees-explained	Interchange fees explained	How interchange works and why statements look confusing.	payments	payment-fees
missed-call-capture-system	Missed call capture system	SMS, voicemail, routing, and follow-up loops.	small-business-tech	customer-ops
missed-call-systems-for-accountants	missed call systems for accountants	How accountants operators solve missed call systems using modern tools and clear systems.	small-business-tech	customer-ops
missed-call-systems-for-barbershops	missed call systems for barbershops	How barbershops operators solve missed call systems using modern tools and clear systems.	small-business-tech	customer-ops
missed-call-systems-for-construction-companies	missed call systems for construction companies	How construction companies operators solve missed call systems using modern tools and clear systems.	small-business-tech	customer-ops
missed-call-systems-for-consultants	missed call systems for consultants	How consultants operators solve missed call systems using modern tools and clear systems.	small-business-tech	customer-ops
missed-call-systems-for-contractors	missed call systems for contractors	How contractors operators solve missed call systems using modern tools and clear systems.	small-business-tech	customer-ops
missed-call-systems-for-dentists	missed call systems for dentists	How dentists operators solve missed call systems using modern tools and clear systems.	small-business-tech	customer-ops
missed-call-systems-for-electricians	missed call systems for electricians	How electricians operators solve missed call systems using modern tools and clear systems.	small-business-tech	customer-ops
missed-call-systems-for-fitness-gyms	missed call systems for fitness gyms	How fitness gyms operators solve missed call systems using modern tools and clear systems.	small-business-tech	customer-ops
missed-call-systems-for-hvac-contractors	missed call systems for hvac contractors	How hvac contractors operators solve missed call systems using modern tools and clear systems.	small-business-tech	customer-ops
missed-call-systems-for-insurance-agents	missed call systems for insurance agents	How insurance agents operators solve missed call systems using modern tools and clear systems.	small-business-tech	customer-ops
missed-call-systems-for-landscapers	missed call systems for landscapers	How landscapers operators solve missed call systems using modern tools and clear systems.	small-business-tech	customer-ops
missed-call-systems-for-law-firms	missed call systems for law firms	How law firms operators solve missed call systems using modern tools and clear systems.	small-business-tech	customer-ops
missed-call-systems-for-marketing-agencies	missed call systems for marketing agencies	How marketing agencies operators solve missed call systems using modern tools and clear systems.	small-business-tech	customer-ops
missed-call-systems-for-medical-offices	missed call systems for medical offices	How medical offices operators solve missed call systems using modern tools and clear systems.	small-business-tech	customer-ops
missed-call-systems-for-plumbers	missed call systems for plumbers	How plumbers operators solve missed call systems using modern tools and clear systems.	small-business-tech	customer-ops
missed-call-systems-for-real-estate-agents	missed call systems for real estate agents	How real estate agents operators solve missed call systems using modern tools and clear systems.	small-business-tech	customer-ops
missed-call-systems-for-restaurants	missed call systems for restaurants	How restaurants operators solve missed call systems using modern tools and clear systems.	small-business-tech	customer-ops
missed-call-systems-for-retail-stores	missed call systems for retail stores	How retail stores operators solve missed call systems using modern tools and clear systems.	small-business-tech	customer-ops
missed-call-systems-for-roofers	missed call systems for roofers	How roofers operators solve missed call systems using modern tools and clear systems.	small-business-tech	customer-ops
missed-call-systems-for-salons	missed call systems for salons	How salons operators solve missed call systems using modern tools and clear systems.	small-business-tech	customer-ops
payment-fraud-basics	Payment fraud basics	Calm controls: verification, limits, monitoring, and policies.	payments	payment-security
payment-processing-contract-traps	Payment processing contract traps	Terms that cost operators money: leases, fees, early termination.	payments	payment-fees
payment-processing-fees-explained	Payment processing fees explained	Plain-English breakdown of fee buckets and what operators control.	payments	payment-fees
payout-delays-why	Why payouts are delayed	What causes holds and how to reduce them.	payments	instant-settlement
pci-compliance-simple	PCI compliance (simple guide)	What it is, what matters, and how to stay sane.	payments	payment-security
processor-markup-explained	Processor markup explained	What processors add and how to negotiate.	payments	payment-fees
reduce-chargebacks	How to reduce chargebacks	Prevention systems and response templates.	payments	chargebacks
reduce-payment-processing-fees-consultants	reduce payment processing fees consultants	How consultants businesses reduce payment processing costs without hurting conversions.	payments	payment-fees
reduce-payment-processing-fees-contractors	reduce payment processing fees contractors	How contractors businesses reduce payment processing costs without hurting conversions.	payments	payment-fees
reduce-payment-processing-fees-dentists	reduce payment processing fees dentists	How dentists businesses reduce payment processing costs without hurting conversions.	payments	payment-fees
reduce-payment-processing-fees-electricians	reduce payment processing fees electricians	How electricians businesses reduce payment processing costs without hurting conversions.	payments	payment-fees
reduce-payment-processing-fees-for-accountants	reduce payment processing fees for accountants	How accountants operators solve reduce payment processing fees using modern tools and clear systems.	payments	payment-fees
reduce-payment-processing-fees-for-barbershops	reduce payment processing fees for barbershops	How barbershops operators solve reduce payment processing fees using modern tools and clear systems.	payments	payment-fees
reduce-payment-processing-fees-for-construction-companies	reduce payment processing fees for construction companies	How construction companies operators solve reduce payment processing fees using modern tools and clear systems.	payments	payment-fees
reduce-payment-processing-fees-for-consultants	reduce payment processing fees for consultants	How consultants operators solve reduce payment processing fees using modern tools and clear systems.	payments	payment-fees
reduce-payment-processing-fees-for-contractors	reduce payment processing fees for contractors	How contractors operators solve reduce payment processing fees using modern tools and clear systems.	payments	payment-fees
reduce-payment-processing-fees-for-dentists	reduce payment processing fees for dentists	How dentists operators solve reduce payment processing fees using modern tools and clear systems.	payments	payment-fees
reduce-payment-processing-fees-for-electricians	reduce payment processing fees for electricians	How electricians operators solve reduce payment processing fees using modern tools and clear systems.	payments	payment-fees
reduce-payment-processing-fees-for-fitness-gyms	reduce payment processing fees for fitness gyms	How fitness gyms operators solve reduce payment processing fees using modern tools and clear systems.	payments	payment-fees
reduce-payment-processing-fees-for-hvac-contractors	reduce payment processing fees for hvac contractors	How hvac contractors operators solve reduce payment processing fees using modern tools and clear systems.	payments	payment-fees
reduce-payment-processing-fees-for-insurance-agents	reduce payment processing fees for insurance agents	How insurance agents operators solve reduce payment processing fees using modern tools and clear systems.	payments	payment-fees
reduce-payment-processing-fees-for-landscapers	reduce payment processing fees for landscapers	How landscapers operators solve reduce payment processing fees using modern tools and clear systems.	payments	payment-fees
reduce-payment-processing-fees-for-law-firms	reduce payment processing fees for law firms	How law firms operators solve reduce payment processing fees using modern tools and clear systems.	payments	payment-fees
reduce-payment-processing-fees-for-marketing-agencies	reduce payment processing fees for marketing agencies	How marketing agencies operators solve reduce payment processing fees using modern tools and clear systems.	payments	payment-fees
reduce-payment-processing-fees-for-medical-offices	reduce payment processing fees for medical offices	How medical offices operators solve reduce payment processing fees using modern tools and clear systems.	payments	payment-fees
reduce-payment-processing-fees-for-plumbers	reduce payment processing fees for plumbers	How plumbers operators solve reduce payment processing fees using modern tools and clear systems.	payments	payment-fees
reduce-payment-processing-fees-for-real-estate-agents	reduce payment processing fees for real estate agents	How real estate agents operators solve reduce payment processing fees using modern tools and clear systems.	payments	payment-fees
reduce-payment-processing-fees-for-restaurants	reduce payment processing fees for restaurants	How restaurants operators solve reduce payment processing fees using modern tools and clear systems.	payments	payment-fees
reduce-payment-processing-fees-for-retail-stores	reduce payment processing fees for retail stores	How retail stores operators solve reduce payment processing fees using modern tools and clear systems.	payments	payment-fees
reduce-payment-processing-fees-for-roofers	reduce payment processing fees for roofers	How roofers operators solve reduce payment processing fees using modern tools and clear systems.	payments	payment-fees
reduce-payment-processing-fees-for-salons	reduce payment processing fees for salons	How salons operators solve reduce payment processing fees using modern tools and clear systems.	payments	payment-fees
reduce-payment-processing-fees-gyms	reduce payment processing fees gyms	How gyms businesses reduce payment processing costs without hurting conversions.	payments	payment-fees
reduce-payment-processing-fees-law-firms	reduce payment processing fees law-firms	How law-firms businesses reduce payment processing costs without hurting conversions.	payments	payment-fees
reduce-payment-processing-fees-plumbers	reduce payment processing fees plumbers	How plumbers businesses reduce payment processing costs without hurting conversions.	payments	payment-fees
reduce-payment-processing-fees-restaurants	reduce payment processing fees restaurants	How restaurants businesses reduce payment processing costs without hurting conversions.	payments	payment-fees
reduce-payment-processing-fees-retail	reduce payment processing fees retail	How retail businesses reduce payment processing costs without hurting conversions.	payments	payment-fees
reduce-payment-processing-fees-salons	reduce payment processing fees salons	How salons businesses reduce payment processing costs without hurting conversions.	payments	payment-fees
scheduling-automation-for-accountants	scheduling automation for accountants	How accountants operators solve scheduling automation using modern tools and clear systems.	ai-automation	ai-scheduling
scheduling-automation-for-barbershops	scheduling automation for barbershops	How barbershops operators solve scheduling automation using modern tools and clear systems.	ai-automation	ai-scheduling
scheduling-automation-for-construction-companies	scheduling automation for construction companies	How construction companies operators solve scheduling automation using modern tools and clear systems.	ai-automation	ai-scheduling
scheduling-automation-for-consultants	scheduling automation for consultants	How consultants operators solve scheduling automation using modern tools and clear systems.	ai-automation	ai-scheduling
scheduling-automation-for-contractors	scheduling automation for contractors	How contractors operators solve scheduling automation using modern tools and clear systems.	ai-automation	ai-scheduling
scheduling-automation-for-dentists	scheduling automation for dentists	How dentists operators solve scheduling automation using modern tools and clear systems.	ai-automation	ai-scheduling
scheduling-automation-for-electricians	scheduling automation for electricians	How electricians operators solve scheduling automation using modern tools and clear systems.	ai-automation	ai-scheduling
scheduling-automation-for-fitness-gyms	scheduling automation for fitness gyms	How fitness gyms operators solve scheduling automation using modern tools and clear systems.	ai-automation	ai-scheduling
scheduling-automation-for-hvac-contractors	scheduling automation for hvac contractors	How hvac contractors operators solve scheduling automation using modern tools and clear systems.	ai-automation	ai-scheduling
scheduling-automation-for-insurance-agents	scheduling automation for insurance agents	How insurance agents operators solve scheduling automation using modern tools and clear systems.	ai-automation	ai-scheduling
scheduling-automation-for-landscapers	scheduling automation for landscapers	How landscapers operators solve scheduling automation using modern tools and clear systems.	ai-automation	ai-scheduling
scheduling-automation-for-law-firms	scheduling automation for law firms	How law firms operators solve scheduling automation using modern tools and clear systems.	ai-automation	ai-scheduling
scheduling-automation-for-marketing-agencies	scheduling automation for marketing agencies	How marketing agencies operators solve scheduling automation using modern tools and clear systems.	ai-automation	ai-scheduling
scheduling-automation-for-medical-offices	scheduling automation for medical offices	How medical offices operators solve scheduling automation using modern tools and clear systems.	ai-automation	ai-scheduling
scheduling-automation-for-plumbers	scheduling automation for plumbers	How plumbers operators solve scheduling automation using modern tools and clear systems.	ai-automation	ai-scheduling
scheduling-automation-for-real-estate-agents	scheduling automation for real estate agents	How real estate agents operators solve scheduling automation using modern tools and clear systems.	ai-automation	ai-scheduling
scheduling-automation-for-restaurants	scheduling automation for restaurants	How restaurants operators solve scheduling automation using modern tools and clear systems.	ai-automation	ai-scheduling
scheduling-automation-for-retail-stores	scheduling automation for retail stores	How retail stores operators solve scheduling automation using modern tools and clear systems.	ai-automation	ai-scheduling
scheduling-automation-for-roofers	scheduling automation for roofers	How roofers operators solve scheduling automation using modern tools and clear systems.	ai-automation	ai-scheduling
scheduling-automation-for-salons	scheduling automation for salons	How salons operators solve scheduling automation using modern tools and clear systems.	ai-automation	ai-scheduling
simple-ops-dashboard	Simple ops dashboard for small business	Track the 5 numbers that matter weekly.	small-business-tech	time-saving-systems
software-integration-basics	Software integration basics	Reduce tool sprawl and keep ops clean.	small-business-tech	software-selection
stripe-vs-square-fees	Stripe vs Square fees comparison	How to compare fees and hidden costs.	payments	payment-fees
workflow-automation-for-accountants	workflow automation for accountants	How accountants operators solve workflow automation using modern tools and clear systems.	ai-automation	ai-workflow-automation
workflow-automation-for-barbershops	workflow automation for barbershops	How barbershops operators solve workflow automation using modern tools and clear systems.	ai-automation	ai-workflow-automation
workflow-automation-for-construction-companies	workflow automation for construction companies	How construction companies operators solve workflow automation using modern tools and clear systems.	ai-automation	ai-workflow-automation
workflow-automation-for-consultants	workflow automation for consultants	How consultants operators solve workflow automation using modern tools and clear systems.	ai-automation	ai-workflow-automation
workflow-automation-for-contractors	workflow automation for contractors	How contractors operators solve workflow automation using modern tools and clear systems.	ai-automation	ai-workflow-automation
workflow-automation-for-dentists	workflow automation for dentists	How dentists operators solve workflow automation using modern tools and clear systems.	ai-automation	ai-workflow-automation
workflow-automation-for-electricians	workflow automation for electricians	How electricians operators solve workflow automation using modern tools and clear systems.	ai-automation	ai-workflow-automation
workflow-automation-for-fitness-gyms	workflow automation for fitness gyms	How fitness gyms operators solve workflow automation using modern tools and clear systems.	ai-automation	ai-workflow-automation
workflow-automation-for-hvac-contractors	workflow automation for hvac contractors	How hvac contractors operators solve workflow automation using modern tools and clear systems.	ai-automation	ai-workflow-automation
workflow-automation-for-insurance-agents	workflow automation for insurance agents	How insurance agents operators solve workflow automation using modern tools and clear systems.	ai-automation	ai-workflow-automation
workflow-automation-for-landscapers	workflow automation for landscapers	How landscapers operators solve workflow automation using modern tools and clear systems.	ai-automation	ai-workflow-automation
workflow-automation-for-law-firms	workflow automation for law firms	How law firms operators solve workflow automation using modern tools and clear systems.	ai-automation	ai-workflow-automation
workflow-automation-for-marketing-agencies	workflow automation for marketing agencies	How marketing agencies operators solve workflow automation using modern tools and clear systems.	ai-automation	ai-workflow-automation
workflow-automation-for-medical-offices	workflow automation for medical offices	How medical offices operators solve workflow automation using modern tools and clear systems.	ai-automation	ai-workflow-automation
workflow-automation-for-plumbers	workflow automation for plumbers	How plumbers operators solve workflow automation using modern tools and clear systems.	ai-automation	ai-workflow-automation
workflow-automation-for-real-estate-agents	workflow automation for real estate agents	How real estate agents operators solve workflow automation using modern tools and clear systems.	ai-automation	ai-workflow-automation
workflow-automation-for-restaurants	workflow automation for restaurants	How restaurants operators solve workflow automation using modern tools and clear systems.	ai-automation	ai-workflow-automation
workflow-automation-for-retail-stores	workflow automation for retail stores	How retail stores operators solve workflow automation using modern tools and clear systems.	ai-automation	ai-workflow-automation
workflow-automation-for-roofers	workflow automation for roofers	How roofers operators solve workflow automation using modern tools and clear systems.	ai-automation	ai-workflow-automation
workflow-automation-for-salons	workflow automation for salons	How salons operators solve workflow automation using modern tools and clear systems.	ai-automation	ai-workflow-automation
