problem,system,resolution
why-is-my-ac-blowing-warm-air,ai-automation-workflows,repair-vs-replace-hvac
why-is-my-ac-blowing-warm-air,ai-automation-workflows,choosing-payment-systems
why-is-my-ac-blowing-warm-air,ai-automation-workflows,ai-vs-human-customer-support
why-is-my-ac-blowing-warm-air,ai-automation-workflows,when-to-use-ai-automation
why-is-my-ac-blowing-warm-air,ai-automation-workflows,small-business-tech-decision-guide
why-is-my-ac-blowing-warm-air,machine-to-machine-payments,repair-vs-replace-hvac
why-is-my-ac-blowing-warm-air,machine-to-machine-payments,choosing-payment-systems
why-is-my-ac-blowing-warm-air,machine-to-machine-payments,ai-vs-human-customer-support
why-is-my-ac-blowing-warm-air,machine-to-machine-payments,when-to-use-ai-automation
why-is-my-ac-blowing-warm-air,machine-to-machine-payments,small-business-tech-decision-guide
why-is-my-ac-blowing-warm-air,solana-payments-infrastructure,repair-vs-replace-hvac
why-is-my-ac-blowing-warm-air,solana-payments-infrastructure,choosing-payment-systems
why-is-my-ac-blowing-warm-air,solana-payments-infrastructure,ai-vs-human-customer-support
why-is-my-ac-blowing-warm-air,solana-payments-infrastructure,when-to-use-ai-automation
why-is-my-ac-blowing-warm-air,solana-payments-infrastructure,small-business-tech-decision-guide
why-is-my-ac-blowing-warm-air,stablecoin-settlement-systems,repair-vs-replace-hvac
why-is-my-ac-blowing-warm-air,stablecoin-settlement-systems,choosing-payment-systems
why-is-my-ac-blowing-warm-air,stablecoin-settlement-systems,ai-vs-human-customer-support
why-is-my-ac-blowing-warm-air,stablecoin-settlement-systems,when-to-use-ai-automation
why-is-my-ac-blowing-warm-air,stablecoin-settlement-systems,small-business-tech-decision-guide
why-is-my-ac-blowing-warm-air,ai-agent-economy,repair-vs-replace-hvac
why-is-my-ac-blowing-warm-air,ai-agent-economy,choosing-payment-systems
why-is-my-ac-blowing-warm-air,ai-agent-economy,ai-vs-human-customer-support
why-is-my-ac-blowing-warm-air,ai-agent-economy,when-to-use-ai-automation
why-is-my-ac-blowing-warm-air,ai-agent-economy,small-business-tech-decision-guide
why-is-my-water-heater-not-working,ai-automation-workflows,repair-vs-replace-hvac
why-is-my-water-heater-not-working,ai-automation-workflows,choosing-payment-systems
why-is-my-water-heater-not-working,ai-automation-workflows,ai-vs-human-customer-support
why-is-my-water-heater-not-working,ai-automation-workflows,when-to-use-ai-automation
why-is-my-water-heater-not-working,ai-automation-workflows,small-business-tech-decision-guide
why-is-my-water-heater-not-working,machine-to-machine-payments,repair-vs-replace-hvac
why-is-my-water-heater-not-working,machine-to-machine-payments,choosing-payment-systems
why-is-my-water-heater-not-working,machine-to-machine-payments,ai-vs-human-customer-support
why-is-my-water-heater-not-working,machine-to-machine-payments,when-to-use-ai-automation
why-is-my-water-heater-not-working,machine-to-machine-payments,small-business-tech-decision-guide
why-is-my-water-heater-not-working,solana-payments-infrastructure,repair-vs-replace-hvac
why-is-my-water-heater-not-working,solana-payments-infrastructure,choosing-payment-systems
why-is-my-water-heater-not-working,solana-payments-infrastructure,ai-vs-human-customer-support
why-is-my-water-heater-not-working,solana-payments-infrastructure,when-to-use-ai-automation
why-is-my-water-heater-not-working,solana-payments-infrastructure,small-business-tech-decision-guide
why-is-my-water-heater-not-working,stablecoin-settlement-systems,repair-vs-replace-hvac
why-is-my-water-heater-not-working,stablecoin-settlement-systems,choosing-payment-systems
why-is-my-water-heater-not-working,stablecoin-settlement-systems,ai-vs-human-customer-support
why-is-my-water-heater-not-working,stablecoin-settlement-systems,when-to-use-ai-automation
why-is-my-water-heater-not-working,stablecoin-settlement-systems,small-business-tech-decision-guide
why-is-my-water-heater-not-working,ai-agent-economy,repair-vs-replace-hvac
why-is-my-water-heater-not-working,ai-agent-economy,choosing-payment-systems
why-is-my-water-heater-not-working,ai-agent-economy,ai-vs-human-customer-support
why-is-my-water-heater-not-working,ai-agent-economy,when-to-use-ai-automation
why-is-my-water-heater-not-working,ai-agent-economy,small-business-tech-decision-guide
can-ai-agents-pay-for-apis,ai-automation-workflows,repair-vs-replace-hvac
can-ai-agents-pay-for-apis,ai-automation-workflows,choosing-payment-systems
can-ai-agents-pay-for-apis,ai-automation-workflows,ai-vs-human-customer-support
can-ai-agents-pay-for-apis,ai-automation-workflows,when-to-use-ai-automation
can-ai-agents-pay-for-apis,ai-automation-workflows,small-business-tech-decision-guide
can-ai-agents-pay-for-apis,machine-to-machine-payments,repair-vs-replace-hvac
can-ai-agents-pay-for-apis,machine-to-machine-payments,choosing-payment-systems
can-ai-agents-pay-for-apis,machine-to-machine-payments,ai-vs-human-customer-support
can-ai-agents-pay-for-apis,machine-to-machine-payments,when-to-use-ai-automation
can-ai-agents-pay-for-apis,machine-to-machine-payments,small-business-tech-decision-guide
can-ai-agents-pay-for-apis,solana-payments-infrastructure,repair-vs-replace-hvac
can-ai-agents-pay-for-apis,solana-payments-infrastructure,choosing-payment-systems
can-ai-agents-pay-for-apis,solana-payments-infrastructure,ai-vs-human-customer-support
can-ai-agents-pay-for-apis,solana-payments-infrastructure,when-to-use-ai-automation
can-ai-agents-pay-for-apis,solana-payments-infrastructure,small-business-tech-decision-guide
can-ai-agents-pay-for-apis,stablecoin-settlement-systems,repair-vs-replace-hvac
can-ai-agents-pay-for-apis,stablecoin-settlement-systems,choosing-payment-systems
can-ai-agents-pay-for-apis,stablecoin-settlement-systems,ai-vs-human-customer-support
can-ai-agents-pay-for-apis,stablecoin-settlement-systems,when-to-use-ai-automation
can-ai-agents-pay-for-apis,stablecoin-settlement-systems,small-business-tech-decision-guide
can-ai-agents-pay-for-apis,ai-agent-economy,repair-vs-replace-hvac
can-ai-agents-pay-for-apis,ai-agent-economy,choosing-payment-systems
can-ai-agents-pay-for-apis,ai-agent-economy,ai-vs-human-customer-support
can-ai-agents-pay-for-apis,ai-agent-economy,when-to-use-ai-automation
can-ai-agents-pay-for-apis,ai-agent-economy,small-business-tech-decision-guide
how-do-machine-payments-work,ai-automation-workflows,repair-vs-replace-hvac
how-do-machine-payments-work,ai-automation-workflows,choosing-payment-systems
how-do-machine-payments-work,ai-automation-workflows,ai-vs-human-customer-support
how-do-machine-payments-work,ai-automation-workflows,when-to-use-ai-automation
how-do-machine-payments-work,ai-automation-workflows,small-business-tech-decision-guide
how-do-machine-payments-work,machine-to-machine-payments,repair-vs-replace-hvac
how-do-machine-payments-work,machine-to-machine-payments,choosing-payment-systems
how-do-machine-payments-work,machine-to-machine-payments,ai-vs-human-customer-support
how-do-machine-payments-work,machine-to-machine-payments,when-to-use-ai-automation
how-do-machine-payments-work,machine-to-machine-payments,small-business-tech-decision-guide
how-do-machine-payments-work,solana-payments-infrastructure,repair-vs-replace-hvac
how-do-machine-payments-work,solana-payments-infrastructure,choosing-payment-systems
how-do-machine-payments-work,solana-payments-infrastructure,ai-vs-human-customer-support
how-do-machine-payments-work,solana-payments-infrastructure,when-to-use-ai-automation
how-do-machine-payments-work,solana-payments-infrastructure,small-business-tech-decision-guide
how-do-machine-payments-work,stablecoin-settlement-systems,repair-vs-replace-hvac
how-do-machine-payments-work,stablecoin-settlement-systems,choosing-payment-systems
how-do-machine-payments-work,stablecoin-settlement-systems,ai-vs-human-customer-support
how-do-machine-payments-work,stablecoin-settlement-systems,when-to-use-ai-automation
how-do-machine-payments-work,stablecoin-settlement-systems,small-business-tech-decision-guide
how-do-machine-payments-work,ai-agent-economy,repair-vs-replace-hvac
how-do-machine-payments-work,ai-agent-economy,choosing-payment-systems
how-do-machine-payments-work,ai-agent-economy,ai-vs-human-customer-support
how-do-machine-payments-work,ai-agent-economy,when-to-use-ai-automation
how-do-machine-payments-work,ai-agent-economy,small-business-tech-decision-guide
best-pos-system-for-small-business,ai-automation-workflows,repair-vs-replace-hvac
best-pos-system-for-small-business,ai-automation-workflows,choosing-payment-systems
best-pos-system-for-small-business,ai-automation-workflows,ai-vs-human-customer-support
best-pos-system-for-small-business,ai-automation-workflows,when-to-use-ai-automation
best-pos-system-for-small-business,ai-automation-workflows,small-business-tech-decision-guide
best-pos-system-for-small-business,machine-to-machine-payments,repair-vs-replace-hvac
best-pos-system-for-small-business,machine-to-machine-payments,choosing-payment-systems
best-pos-system-for-small-business,machine-to-machine-payments,ai-vs-human-customer-support
best-pos-system-for-small-business,machine-to-machine-payments,when-to-use-ai-automation
best-pos-system-for-small-business,machine-to-machine-payments,small-business-tech-decision-guide
best-pos-system-for-small-business,solana-payments-infrastructure,repair-vs-replace-hvac
best-pos-system-for-small-business,solana-payments-infrastructure,choosing-payment-systems
best-pos-system-for-small-business,solana-payments-infrastructure,ai-vs-human-customer-support
best-pos-system-for-small-business,solana-payments-infrastructure,when-to-use-ai-automation
best-pos-system-for-small-business,solana-payments-infrastructure,small-business-tech-decision-guide
best-pos-system-for-small-business,stablecoin-settlement-systems,repair-vs-replace-hvac
best-pos-system-for-small-business,stablecoin-settlement-systems,choosing-payment-systems
best-pos-system-for-small-business,stablecoin-settlement-systems,ai-vs-human-customer-support
best-pos-system-for-small-business,stablecoin-settlement-systems,when-to-use-ai-automation
best-pos-system-for-small-business,stablecoin-settlement-systems,small-business-tech-decision-guide
best-pos-system-for-small-business,ai-agent-economy,repair-vs-replace-hvac
best-pos-system-for-small-business,ai-agent-economy,choosing-payment-systems
best-pos-system-for-small-business,ai-agent-economy,ai-vs-human-customer-support
best-pos-system-for-small-business,ai-agent-economy,when-to-use-ai-automation
best-pos-system-for-small-business,ai-agent-economy,small-business-tech-decision-guide
