ts,source,query,title,slug,score
2026-03-04T21:29:36Z,google_suggest,stripe webhook not working,stripe cli webhook not working,stripe-cli-webhook-not-working,8
2026-03-04T21:29:36Z,google_suggest,stripe webhook not working,stripe local webhook not working,stripe-local-webhook-not-working,8
2026-03-04T21:29:36Z,google_suggest,stripe webhook not working,stripe webhook not working,stripe-webhook-not-working,8
2026-03-04T21:29:36Z,google_suggest,stripe webhook not working,stripe webhooks constructevent not working,stripe-webhooks-constructevent-not-working,8
2026-03-04T21:29:36Z,google_suggest,stripe webhook not working,vercel stripe webhook not working,vercel-stripe-webhook-not-working,8
2026-03-04T21:29:36Z,google_suggest,ACH deposit not showing,ach deposit not showing up,ach-deposit-not-showing-up,6
2026-03-04T21:29:36Z,google_suggest,ACH deposit not showing,ach payment not showing up,ach-payment-not-showing-up,6
2026-03-04T21:29:36Z,google_suggest,ACH deposit not showing,ach transfer not showing up,ach-transfer-not-showing-up,6
2026-03-04T21:29:36Z,google_suggest,hubspot workflow not firing,hubspot workflow not working,hubspot-workflow-not-working,6
2026-03-04T21:29:36Z,google_suggest,sitemap not found,sitemap not working wordpress,sitemap-not-working-wordpress,6
2026-03-04T21:29:36Z,google_suggest,ssl certificate error,ssl certificate error fire tv,ssl-certificate-error-fire-tv,6
2026-03-04T21:29:36Z,google_suggest,ssl certificate error,ssl certificate error logitech g cloud,ssl-certificate-error-logitech-g-cloud,6
2026-03-04T21:29:36Z,google_suggest,ssl certificate error,ssl certificate error meaning,ssl-certificate-error-meaning,6
2026-03-04T21:29:36Z,google_suggest,ssl certificate error,ssl certificate error on firestick,ssl-certificate-error-on-firestick,6
2026-03-04T21:29:36Z,google_suggest,ssl certificate error,ssl certificate error on tv,ssl-certificate-error-on-tv,6
2026-03-04T21:29:36Z,google_suggest,ssl certificate error,ssl certificate error python,ssl-certificate-error-python,6
2026-03-04T21:29:36Z,google_suggest,ssl certificate error,ssl certificate error spectrum,ssl-certificate-error-spectrum,6
2026-03-04T21:29:36Z,google_suggest,ssl certificate error,ssl certificate error steam,ssl-certificate-error-steam,6
2026-03-04T21:29:36Z,google_suggest,ssl certificate error,ssl certificate error wifi,ssl-certificate-error-wifi,6
2026-03-04T21:29:36Z,google_suggest,zapier not triggering,zapier facebook lead ads not triggering,zapier-facebook-lead-ads-not-triggering,6
2026-03-04T21:29:36Z,google_suggest,zapier not triggering,zapier zap not triggering,zapier-zap-not-triggering,6
2026-03-04T21:29:36Z,google_suggest,sitemap not found,sitemap not working,sitemap-not-working,5
2026-03-04T21:29:36Z,google_suggest,ssl certificate error,ssl certificate error,ssl-certificate-error,5
2026-03-04T21:29:36Z,google_suggest,stripe webhook not working,stripe webhook delivery issues,stripe-webhook-delivery-issues,5
2026-03-04T21:29:36Z,google_suggest,stripe webhook not working,stripe webhook not firing,stripe-webhook-not-firing,5
2026-03-04T21:29:36Z,google_suggest,zapier not triggering,zapier not triggering,zapier-not-triggering,5
2026-03-04T21:29:36Z,google_suggest,zapier not triggering,zapier not working,zapier-not-working,5
2026-03-04T21:29:36Z,google_suggest,ai agent not working,antigravity ai agent not working,antigravity-ai-agent-not-working,4
2026-03-04T21:29:36Z,google_suggest,site indexing not working,arc site search not working,arc-site-search-not-working,4
2026-03-04T21:29:36Z,google_suggest,site indexing not working,brave site search not working,brave-site-search-not-working,4
2026-03-04T21:29:36Z,google_suggest,payment processing not working,credit card processing not working,credit-card-processing-not-working,4
2026-03-04T21:29:36Z,google_suggest,ai agent not working,cursor ai agent not showing,cursor-ai-agent-not-showing,4
2026-03-04T21:29:36Z,google_suggest,ai agent not working,cursor ai agent not working,cursor-ai-agent-not-working,4
2026-03-04T21:29:36Z,google_suggest,ACH deposit not showing,direct deposit not showing up,direct-deposit-not-showing-up,4
2026-03-04T21:29:36Z,google_suggest,ACH deposit not showing,direct deposit not showing up bank of america,direct-deposit-not-showing-up-bank-of-america,4
2026-03-04T21:29:36Z,google_suggest,ACH deposit not showing,direct deposit not showing up capital one,direct-deposit-not-showing-up-capital-one,4
2026-03-04T21:29:36Z,google_suggest,ACH deposit not showing,direct deposit not showing up cash app,direct-deposit-not-showing-up-cash-app,4
2026-03-04T21:29:36Z,google_suggest,ACH deposit not showing,direct deposit not showing up chase,direct-deposit-not-showing-up-chase,4
2026-03-04T21:29:36Z,google_suggest,ACH deposit not showing,direct deposit not showing up chime,direct-deposit-not-showing-up-chime,4
2026-03-04T21:29:36Z,google_suggest,ACH deposit not showing,direct deposit not showing up wells fargo,direct-deposit-not-showing-up-wells-fargo,4
2026-03-04T21:29:36Z,google_suggest,google ads conversion not tracking,google ads conversion not working,google-ads-conversion-not-working,4
2026-03-04T21:29:36Z,google_suggest,google ads conversion not tracking,google ads conversion tracking not working,google-ads-conversion-tracking-not-working,4
2026-03-04T21:29:36Z,google_suggest,ai agent not working,n8n ai agent memory not working,n8n-ai-agent-memory-not-working,4
2026-03-04T21:29:36Z,google_suggest,ai agent not working,n8n ai agent tools not working,n8n-ai-agent-tools-not-working,4
2026-03-04T21:29:36Z,google_suggest,ai agent not working,open ai agent builder not working,open-ai-agent-builder-not-working,4
2026-03-04T21:29:36Z,google_suggest,payment processing not working,payment gateway not working,payment-gateway-not-working,4
2026-03-04T21:29:36Z,google_suggest,payment processing not working,payment gateway not working in chrome,payment-gateway-not-working-in-chrome,4
2026-03-04T21:29:36Z,google_suggest,payment processing not working,payment processing not working,payment-processing-not-working,4
2026-03-04T21:29:36Z,google_suggest,payment processing not working,payment processor not working,payment-processor-not-working,4
2026-03-04T21:29:36Z,google_suggest,payment processing not working,payment services not working,payment-services-not-working,4
2026-03-04T21:29:36Z,google_suggest,payment processing not working,payment systems not working,payment-systems-not-working,4
2026-03-04T21:29:36Z,google_suggest,site indexing not working,sharepoint site search not working,sharepoint-site-search-not-working,4
2026-03-04T21:29:36Z,google_suggest,google ads conversion not tracking,shopify google ads conversion tracking not working,shopify-google-ads-conversion-tracking-not-working,4
2026-03-04T21:29:36Z,google_suggest,site indexing not working,site search not working chrome,site-search-not-working-chrome,4
2026-03-04T21:29:36Z,google_suggest,site indexing not working,site search not working google,site-search-not-working-google,4
2026-03-04T21:29:36Z,google_suggest,site indexing not working,site search operator not working,site-search-operator-not-working,4
2026-03-04T21:29:36Z,google_suggest,site indexing not working,site search shortcuts not working,site-search-shortcuts-not-working,4
2026-03-04T21:29:36Z,google_suggest,square payout missing,square balance not showing up,square-balance-not-showing-up,4
2026-03-04T21:29:36Z,google_suggest,payment processing not working,squarespace payment processing not working,squarespace-payment-processing-not-working,4
2026-03-04T21:29:36Z,google_suggest,payment processing not working,steam payment processing not working,steam-payment-processing-not-working,4
2026-03-04T21:29:36Z,google_suggest,payment processing not working,steam payment processor not working,steam-payment-processor-not-working,4
2026-03-04T21:29:36Z,google_suggest,stripe webhook not working,stripe webhook events,stripe-webhook-events,4
2026-03-04T21:29:36Z,google_suggest,stripe webhook not working,stripe webhook example,stripe-webhook-example,4
2026-03-04T21:29:36Z,google_suggest,kalshi order not filling,why won't my option order fill,why-wont-my-option-order-fill,4
2026-03-04T21:29:36Z,google_suggest,site indexing not working,wix site search not working,wix-site-search-not-working,4
2026-03-04T21:29:36Z,google_suggest,site indexing not working,wordpress site search not working,wordpress-site-search-not-working,4
2026-03-04T21:29:36Z,google_suggest,ai agent not working,ai agent not working,ai-agent-not-working,3
2026-03-04T21:29:36Z,google_suggest,dns not propagating,dns not propagating cloudflare,dns-not-propagating-cloudflare,3
2026-03-04T21:29:36Z,google_suggest,dns not propagating,dns not propagating everywhere,dns-not-propagating-everywhere,3
2026-03-04T21:29:36Z,google_suggest,dns not propagating,dns not propagating godaddy,dns-not-propagating-godaddy,3
2026-03-04T21:29:36Z,google_suggest,dns not propagating,dns not propagating namecheap,dns-not-propagating-namecheap,3
2026-03-04T21:29:36Z,google_suggest,dns not propagating,dns not resolving hostname,dns-not-resolving-hostname,3
2026-03-04T21:29:36Z,google_suggest,dns not propagating,dns not resolving server names,dns-not-resolving-server-names,3
2026-03-04T21:29:36Z,google_suggest,dns not propagating,dns not resolving xbox server names,dns-not-resolving-xbox-server-names,3
2026-03-04T21:29:36Z,google_suggest,kalshi order not filling,kalshi order not filled try again,kalshi-order-not-filled-try-again,3
2026-03-04T21:29:36Z,google_suggest,merchant account frozen,merchant account suspended,merchant-account-suspended,3
2026-03-04T21:29:36Z,google_suggest,ai agent not working,n8n ai agent not working,n8n-ai-agent-not-working,3
2026-03-04T21:29:36Z,google_suggest,sitemap not found,no sitemap found lotus notes,no-sitemap-found-lotus-notes,3
2026-03-04T21:29:36Z,google_suggest,sitemap not found,rank math sitemap not found,rank-math-sitemap-not-found,3
2026-03-04T21:29:36Z,google_suggest,merchant account frozen,sezzle merchant account frozen,sezzle-merchant-account-frozen,3
2026-03-04T21:29:36Z,google_suggest,site indexing not working,site search not working,site-search-not-working,3
2026-03-04T21:29:36Z,google_suggest,square payout missing,square payment missing,square-payment-missing,3
2026-03-04T21:29:36Z,google_suggest,sitemap not found,wordpress sitemap not found,wordpress-sitemap-not-found,3
2026-03-04T21:29:36Z,google_suggest,dns not propagating,dns not propagating,dns-not-propagating,2
2026-03-04T21:29:36Z,google_suggest,dns not propagating,dns not resolving,dns-not-resolving,2
2026-03-04T21:29:36Z,google_suggest,dns not propagating,dns not resolving xbox,dns-not-resolving-xbox,2
2026-03-04T21:29:36Z,google_suggest,kalshi order not filling,kalshi order not filled,kalshi-order-not-filled,2
2026-03-04T21:29:36Z,google_suggest,merchant account frozen,merchant account freeze,merchant-account-freeze,2
2026-03-04T21:29:36Z,google_suggest,sitemap not found,next sitemap not found,next-sitemap-not-found,2
2026-03-04T21:29:36Z,google_suggest,sitemap not found,sitemap not detected,sitemap-not-detected,2
2026-03-04T21:29:36Z,google_suggest,sitemap not found,sitemap not found,sitemap-not-found,2
2026-03-04T21:29:36Z,google_suggest,sitemap not found,sitemap page not found,sitemap-page-not-found,2
2026-03-04T21:29:36Z,google_suggest,sitemap not found,sitemap xml not found,sitemap-xml-not-found,2
2026-03-04T21:29:36Z,google_suggest,square payout missing,square payout schedule,square-payout-schedule,2
2026-03-04T21:29:36Z,google_suggest,square payout missing,square payout time,square-payout-time,2
2026-03-04T21:29:36Z,google_suggest,zapier not triggering,zapier examples,zapier-examples,2
2026-03-04T21:29:36Z,google_suggest,zapier not triggering,zapier tasks vs zaps,zapier-tasks-vs-zaps,2
2026-03-04T21:29:36Z,github_issues,seed_mix,Add comprehensive payment tests with gateway mocking,add-comprehensive-payment-tests-with-gateway-mocking,1
2026-03-04T21:29:36Z,google_suggest,google ads conversion not tracking,google ads conversion not tracking,google-ads-conversion-not-tracking,1
2026-03-04T21:29:36Z,google_suggest,google ads conversion not tracking,google ads not tracking conversions shopify,google-ads-not-tracking-conversions-shopify,1
2026-03-04T21:29:36Z,google_suggest,prediction market hedge,hedgehog prediction market,hedgehog-prediction-market,1
2026-03-04T21:29:36Z,google_suggest,square payout missing,how do i get my money from square,how-do-i-get-my-money-from-square,1
2026-03-04T21:29:36Z,google_suggest,prediction market hedge,prediction market example,prediction-market-example,1
2026-03-04T21:29:36Z,google_suggest,prediction market hedge,prediction market hedge calculator,prediction-market-hedge-calculator,1
2026-03-04T21:29:36Z,google_suggest,prediction market hedge,prediction market hedge fund,prediction-market-hedge-fund,1
2026-03-04T21:29:36Z,google_suggest,prediction market hedge,prediction market hedging,prediction-market-hedging,1
2026-03-04T21:29:36Z,google_suggest,prediction market hedge,prediction markets trader hedge fund,prediction-markets-trader-hedge-fund,1
2026-03-04T21:29:36Z,google_suggest,merchant account frozen,seller account frozen grailed,seller-account-frozen-grailed,1
2026-03-04T21:29:36Z,google_suggest,prediction market hedge,stock market hedging strategies,stock-market-hedging-strategies,1
2026-03-04T21:29:36Z,google_suggest,merchant account frozen,what does it mean to have your bank account frozen,what-does-it-mean-to-have-your-bank-account-frozen,1
2026-03-04T21:29:36Z,google_suggest,merchant account frozen,what does it mean when a credit card is frozen,what-does-it-mean-when-a-credit-card-is-frozen,1
2026-03-04T21:29:36Z,google_suggest,merchant account frozen,what does it mean when your account is frozen,what-does-it-mean-when-your-account-is-frozen,1
2026-03-04T21:29:36Z,google_suggest,google ads conversion not tracking,what is google ads conversion tracking,what-is-google-ads-conversion-tracking,1
2026-03-04T21:29:36Z,google_suggest,kalshi order not filling,why is my option orders not getting filled,why-is-my-option-orders-not-getting-filled,1
2026-03-04T21:29:36Z,google_suggest,ai agent not working,agent function in ai,agent-function-in-ai,0
2026-03-04T21:29:36Z,google_suggest,ai agent not working,ai agent meaning,ai-agent-meaning,0
2026-03-04T21:29:36Z,google_suggest,merchant account frozen,business account frozen,business-account-frozen,0
2026-03-04T21:29:36Z,google_suggest,merchant account frozen,seller account frozen,seller-account-frozen,0
2026-03-04T21:29:36Z,google_suggest,merchant account frozen,why is account frozen,why-is-account-frozen,0
